2026-06-15 17:54:00,724 [Worker-4: Loading available Gradle versions] INFO  o.e.b.c.i.u.g.PublishedGradleVersions - Gradle version information cache is not available. Remote download required.
2026-06-15 17:54:49,124 [Worker-2: Creating project "demo02"] INFO  o.e.m.c.i.l.LifecycleMappingFactory - Using org.eclipse.m2e.jdt.JarLifecycleMapping lifecycle mapping for MavenProject: com.sunbeam:demo02:0.0.1-SNAPSHOT @ E:\osc_sdm\Day07\demo02\pom.xml.
2026-06-15 17:54:50,829 [Worker-2: Creating project "demo02"] INFO  o.e.m.j.i.AbstractJavaProjectConfigurator - Adding source folder /demo02/src/main/java
2026-06-15 17:54:50,831 [Worker-2: Creating project "demo02"] INFO  o.e.m.j.i.AbstractJavaProjectConfigurator - Adding resource folder /demo02/src/main/resources
2026-06-15 17:54:50,833 [Worker-2: Creating project "demo02"] INFO  o.e.m.j.i.AbstractJavaProjectConfigurator - Adding source folder /demo02/src/test/java
2026-06-15 17:54:50,834 [Worker-2: Creating project "demo02"] INFO  o.e.m.j.i.AbstractJavaProjectConfigurator - Adding resource folder /demo02/src/test/resources
2026-06-15 17:54:52,378 [Worker-14: Building] WARN  o.a.m.s.f.DefaultMavenResourcesFiltering - Using platform encoding (UTF-8 actually) to copy filtered resources, i.e. build is platform dependent!
2026-06-15 17:54:52,386 [Worker-14: Building] INFO  o.a.m.s.f.DefaultMavenResourcesFiltering - Copying 0 resource from src\main\resources to target\classes
2026-06-15 17:54:52,392 [Worker-14: Building] WARN  o.a.m.s.f.DefaultMavenResourcesFiltering - Using platform encoding (UTF-8 actually) to copy filtered resources, i.e. build is platform dependent!
2026-06-15 17:54:52,393 [Worker-14: Building] INFO  o.a.m.s.f.DefaultMavenResourcesFiltering - Copying 0 resource from src\test\resources to target\test-classes
2026-06-15 17:57:03,949 [Worker-8: Building] WARN  o.a.m.s.f.DefaultMavenResourcesFiltering - Using platform encoding (UTF-8 actually) to copy filtered resources, i.e. build is platform dependent!
2026-06-15 17:57:03,970 [Worker-8: Building] INFO  o.a.m.s.f.DefaultMavenResourcesFiltering - Copying 0 resource from src\main\resources to target\classes
2026-06-15 17:57:03,974 [Worker-8: Building] WARN  o.a.m.s.f.DefaultMavenResourcesFiltering - Using platform encoding (UTF-8 actually) to copy filtered resources, i.e. build is platform dependent!
2026-06-15 17:57:03,976 [Worker-8: Building] INFO  o.a.m.s.f.DefaultMavenResourcesFiltering - Copying 0 resource from src\test\resources to target\test-classes
2026-06-15 18:06:43,409 [Worker-1: Building] INFO  o.e.m.c.i.l.LifecycleMappingFactory - Using org.eclipse.m2e.jdt.JarLifecycleMapping lifecycle mapping for MavenProject: com.sunbeam:demo02:0.0.1-SNAPSHOT @ E:\osc_sdm\Day07\demo02\pom.xml.
2026-06-15 18:06:44,389 [Worker-1: Building] WARN  o.a.m.s.f.DefaultMavenResourcesFiltering - Using platform encoding (UTF-8 actually) to copy filtered resources, i.e. build is platform dependent!
2026-06-15 18:06:44,392 [Worker-1: Building] INFO  o.a.m.s.f.DefaultMavenResourcesFiltering - Copying 0 resource from src\main\resources to target\classes
2026-06-15 18:06:44,397 [Worker-1: Building] WARN  o.a.m.s.f.DefaultMavenResourcesFiltering - Using platform encoding (UTF-8 actually) to copy filtered resources, i.e. build is platform dependent!
2026-06-15 18:06:44,916 [Worker-1: Building] INFO  o.a.m.s.f.DefaultMavenResourcesFiltering - Copying 0 resource from src\test\resources to target\test-classes
2026-06-15 18:06:45,381 [Worker-13: Download sources and javadoc] INFO  o.e.m.c.i.e.AbstractTransferListenerAdapter - Downloading https://repo.maven.apache.org/maven2/org/seleniumhq/selenium/selenium-java/4.44.0/selenium-java-4.44.0-sources.jar
2026-06-15 18:06:45,429 [Worker-13: Download sources and javadoc] INFO  o.e.m.c.i.e.AbstractTransferListenerAdapter - Downloaded https://repo.maven.apache.org/maven2/org/seleniumhq/selenium/selenium-java/4.44.0/selenium-java-4.44.0-sources.jar
2026-06-15 18:06:45,436 [Worker-13: Download sources and javadoc] INFO  o.e.m.j.internal.DownloadSourcesJob - Downloaded sources for org.seleniumhq.selenium:selenium-java:4.44.0
2026-06-15 18:06:45,599 [Worker-13: Download sources and javadoc] INFO  o.e.m.c.i.e.AbstractTransferListenerAdapter - Downloading https://repo.maven.apache.org/maven2/org/seleniumhq/selenium/selenium-api/4.44.0/selenium-api-4.44.0-sources.jar
2026-06-15 18:06:45,694 [Worker-13: Download sources and javadoc] INFO  o.e.m.c.i.e.AbstractTransferListenerAdapter - Downloaded https://repo.maven.apache.org/maven2/org/seleniumhq/selenium/selenium-api/4.44.0/selenium-api-4.44.0-sources.jar
2026-06-15 18:06:45,700 [Worker-13: Download sources and javadoc] INFO  o.e.m.j.internal.DownloadSourcesJob - Downloaded sources for org.seleniumhq.selenium:selenium-api:4.44.0
2026-06-15 18:06:45,823 [Worker-13: Download sources and javadoc] INFO  o.e.m.c.i.e.AbstractTransferListenerAdapter - Downloading https://repo.maven.apache.org/maven2/org/jspecify/jspecify/1.0.0/jspecify-1.0.0-sources.jar
2026-06-15 18:06:45,972 [Worker-13: Download sources and javadoc] INFO  o.e.m.c.i.e.AbstractTransferListenerAdapter - Downloaded https://repo.maven.apache.org/maven2/org/jspecify/jspecify/1.0.0/jspecify-1.0.0-sources.jar
2026-06-15 18:06:45,980 [Worker-13: Download sources and javadoc] INFO  o.e.m.j.internal.DownloadSourcesJob - Downloaded sources for org.jspecify:jspecify:1.0.0
2026-06-15 18:06:46,065 [Worker-13: Download sources and javadoc] INFO  o.e.m.c.i.e.AbstractTransferListenerAdapter - Downloading https://repo.maven.apache.org/maven2/org/seleniumhq/selenium/selenium-chrome-driver/4.44.0/selenium-chrome-driver-4.44.0-sources.jar
2026-06-15 18:06:46,339 [Worker-13: Download sources and javadoc] INFO  o.e.m.c.i.e.AbstractTransferListenerAdapter - Downloaded https://repo.maven.apache.org/maven2/org/seleniumhq/selenium/selenium-chrome-driver/4.44.0/selenium-chrome-driver-4.44.0-sources.jar
2026-06-15 18:06:46,345 [Worker-13: Download sources and javadoc] INFO  o.e.m.j.internal.DownloadSourcesJob - Downloaded sources for org.seleniumhq.selenium:selenium-chrome-driver:4.44.0
2026-06-15 18:06:46,430 [Worker-13: Download sources and javadoc] INFO  o.e.m.c.i.e.AbstractTransferListenerAdapter - Downloading https://repo.maven.apache.org/maven2/com/google/auto/service/auto-service-annotations/1.1.1/auto-service-annotations-1.1.1-sources.jar
2026-06-15 18:06:46,482 [Worker-13: Download sources and javadoc] INFO  o.e.m.c.i.e.AbstractTransferListenerAdapter - Downloaded https://repo.maven.apache.org/maven2/com/google/auto/service/auto-service-annotations/1.1.1/auto-service-annotations-1.1.1-sources.jar
2026-06-15 18:06:46,489 [Worker-13: Download sources and javadoc] INFO  o.e.m.j.internal.DownloadSourcesJob - Downloaded sources for com.google.auto.service:auto-service-annotations:1.1.1
2026-06-15 18:06:46,631 [Worker-13: Download sources and javadoc] INFO  o.e.m.c.i.e.AbstractTransferListenerAdapter - Downloading https://repo.maven.apache.org/maven2/org/seleniumhq/selenium/selenium-chromium-driver/4.44.0/selenium-chromium-driver-4.44.0-sources.jar
2026-06-15 18:06:46,945 [Worker-13: Download sources and javadoc] INFO  o.e.m.c.i.e.AbstractTransferListenerAdapter - Downloaded https://repo.maven.apache.org/maven2/org/seleniumhq/selenium/selenium-chromium-driver/4.44.0/selenium-chromium-driver-4.44.0-sources.jar
2026-06-15 18:06:46,951 [Worker-13: Download sources and javadoc] INFO  o.e.m.j.internal.DownloadSourcesJob - Downloaded sources for org.seleniumhq.selenium:selenium-chromium-driver:4.44.0
2026-06-15 18:06:47,036 [Worker-13: Download sources and javadoc] INFO  o.e.m.c.i.e.AbstractTransferListenerAdapter - Downloading https://repo.maven.apache.org/maven2/org/seleniumhq/selenium/selenium-json/4.44.0/selenium-json-4.44.0-sources.jar
2026-06-15 18:06:47,458 [Worker-13: Download sources and javadoc] INFO  o.e.m.c.i.e.AbstractTransferListenerAdapter - Downloaded https://repo.maven.apache.org/maven2/org/seleniumhq/selenium/selenium-json/4.44.0/selenium-json-4.44.0-sources.jar
2026-06-15 18:06:47,463 [Worker-13: Download sources and javadoc] INFO  o.e.m.j.internal.DownloadSourcesJob - Downloaded sources for org.seleniumhq.selenium:selenium-json:4.44.0
2026-06-15 18:06:47,561 [Worker-13: Download sources and javadoc] INFO  o.e.m.c.i.e.AbstractTransferListenerAdapter - Downloading https://repo.maven.apache.org/maven2/org/seleniumhq/selenium/selenium-manager/4.44.0/selenium-manager-4.44.0-sources.jar
2026-06-15 18:06:47,619 [Worker-13: Download sources and javadoc] INFO  o.e.m.c.i.e.AbstractTransferListenerAdapter - Downloaded https://repo.maven.apache.org/maven2/org/seleniumhq/selenium/selenium-manager/4.44.0/selenium-manager-4.44.0-sources.jar
2026-06-15 18:06:47,623 [Worker-13: Download sources and javadoc] INFO  o.e.m.j.internal.DownloadSourcesJob - Downloaded sources for org.seleniumhq.selenium:selenium-manager:4.44.0
2026-06-15 18:06:47,690 [Worker-13: Download sources and javadoc] INFO  o.e.m.c.i.e.AbstractTransferListenerAdapter - Downloading https://repo.maven.apache.org/maven2/org/seleniumhq/selenium/selenium-devtools-v146/4.44.0/selenium-devtools-v146-4.44.0-sources.jar
2026-06-15 18:06:47,899 [Worker-13: Download sources and javadoc] INFO  o.e.m.c.i.e.AbstractTransferListenerAdapter - Downloaded https://repo.maven.apache.org/maven2/org/seleniumhq/selenium/selenium-devtools-v146/4.44.0/selenium-devtools-v146-4.44.0-sources.jar
2026-06-15 18:06:47,909 [Worker-13: Download sources and javadoc] INFO  o.e.m.j.internal.DownloadSourcesJob - Downloaded sources for org.seleniumhq.selenium:selenium-devtools-v146:4.44.0
2026-06-15 18:06:47,916 [Worker-15: Building] WARN  o.a.m.s.f.DefaultMavenResourcesFiltering - Using platform encoding (UTF-8 actually) to copy filtered resources, i.e. build is platform dependent!
2026-06-15 18:06:47,918 [Worker-15: Building] INFO  o.a.m.s.f.DefaultMavenResourcesFiltering - Copying 0 resource from src\main\resources to target\classes
2026-06-15 18:06:47,921 [Worker-15: Building] WARN  o.a.m.s.f.DefaultMavenResourcesFiltering - Using platform encoding (UTF-8 actually) to copy filtered resources, i.e. build is platform dependent!
2026-06-15 18:06:47,923 [Worker-15: Building] INFO  o.a.m.s.f.DefaultMavenResourcesFiltering - Copying 0 resource from src\test\resources to target\test-classes
2026-06-15 18:06:47,975 [Worker-13: Download sources and javadoc] INFO  o.e.m.c.i.e.AbstractTransferListenerAdapter - Downloading https://repo.maven.apache.org/maven2/org/seleniumhq/selenium/selenium-devtools-v147/4.44.0/selenium-devtools-v147-4.44.0-sources.jar
2026-06-15 18:06:48,169 [Worker-13: Download sources and javadoc] INFO  o.e.m.c.i.e.AbstractTransferListenerAdapter - Downloaded https://repo.maven.apache.org/maven2/org/seleniumhq/selenium/selenium-devtools-v147/4.44.0/selenium-devtools-v147-4.44.0-sources.jar
2026-06-15 18:06:48,174 [Worker-13: Download sources and javadoc] INFO  o.e.m.j.internal.DownloadSourcesJob - Downloaded sources for org.seleniumhq.selenium:selenium-devtools-v147:4.44.0
2026-06-15 18:06:48,251 [Worker-13: Download sources and javadoc] INFO  o.e.m.c.i.e.AbstractTransferListenerAdapter - Downloading https://repo.maven.apache.org/maven2/org/seleniumhq/selenium/selenium-devtools-v148/4.44.0/selenium-devtools-v148-4.44.0-sources.jar
2026-06-15 18:06:48,420 [Worker-13: Download sources and javadoc] INFO  o.e.m.c.i.e.AbstractTransferListenerAdapter - Downloaded https://repo.maven.apache.org/maven2/org/seleniumhq/selenium/selenium-devtools-v148/4.44.0/selenium-devtools-v148-4.44.0-sources.jar
2026-06-15 18:06:48,425 [Worker-13: Download sources and javadoc] INFO  o.e.m.j.internal.DownloadSourcesJob - Downloaded sources for org.seleniumhq.selenium:selenium-devtools-v148:4.44.0
2026-06-15 18:06:48,496 [Worker-13: Download sources and javadoc] INFO  o.e.m.c.i.e.AbstractTransferListenerAdapter - Downloading https://repo.maven.apache.org/maven2/org/seleniumhq/selenium/selenium-edge-driver/4.44.0/selenium-edge-driver-4.44.0-sources.jar
2026-06-15 18:06:48,666 [Worker-13: Download sources and javadoc] INFO  o.e.m.c.i.e.AbstractTransferListenerAdapter - Downloaded https://repo.maven.apache.org/maven2/org/seleniumhq/selenium/selenium-edge-driver/4.44.0/selenium-edge-driver-4.44.0-sources.jar
2026-06-15 18:06:48,671 [Worker-13: Download sources and javadoc] INFO  o.e.m.j.internal.DownloadSourcesJob - Downloaded sources for org.seleniumhq.selenium:selenium-edge-driver:4.44.0
2026-06-15 18:06:48,743 [Worker-13: Download sources and javadoc] INFO  o.e.m.c.i.e.AbstractTransferListenerAdapter - Downloading https://repo.maven.apache.org/maven2/org/seleniumhq/selenium/selenium-firefox-driver/4.44.0/selenium-firefox-driver-4.44.0-sources.jar
2026-06-15 18:06:49,099 [Worker-13: Download sources and javadoc] INFO  o.e.m.c.i.e.AbstractTransferListenerAdapter - Downloaded https://repo.maven.apache.org/maven2/org/seleniumhq/selenium/selenium-firefox-driver/4.44.0/selenium-firefox-driver-4.44.0-sources.jar
2026-06-15 18:06:49,105 [Worker-13: Download sources and javadoc] INFO  o.e.m.j.internal.DownloadSourcesJob - Downloaded sources for org.seleniumhq.selenium:selenium-firefox-driver:4.44.0
2026-06-15 18:06:49,183 [Worker-13: Download sources and javadoc] INFO  o.e.m.c.i.e.AbstractTransferListenerAdapter - Downloading https://repo.maven.apache.org/maven2/org/seleniumhq/selenium/selenium-http/4.44.0/selenium-http-4.44.0-sources.jar
2026-06-15 18:06:49,870 [Worker-13: Download sources and javadoc] INFO  o.e.m.c.i.e.AbstractTransferListenerAdapter - Downloaded https://repo.maven.apache.org/maven2/org/seleniumhq/selenium/selenium-http/4.44.0/selenium-http-4.44.0-sources.jar
2026-06-15 18:06:49,875 [Worker-13: Download sources and javadoc] INFO  o.e.m.j.internal.DownloadSourcesJob - Downloaded sources for org.seleniumhq.selenium:selenium-http:4.44.0
2026-06-15 18:06:49,936 [Worker-13: Download sources and javadoc] INFO  o.e.m.c.i.e.AbstractTransferListenerAdapter - Downloading https://repo.maven.apache.org/maven2/org/seleniumhq/selenium/selenium-ie-driver/4.44.0/selenium-ie-driver-4.44.0-sources.jar
2026-06-15 18:06:50,099 [Worker-13: Download sources and javadoc] INFO  o.e.m.c.i.e.AbstractTransferListenerAdapter - Downloaded https://repo.maven.apache.org/maven2/org/seleniumhq/selenium/selenium-ie-driver/4.44.0/selenium-ie-driver-4.44.0-sources.jar
2026-06-15 18:06:50,104 [Worker-13: Download sources and javadoc] INFO  o.e.m.j.internal.DownloadSourcesJob - Downloaded sources for org.seleniumhq.selenium:selenium-ie-driver:4.44.0
2026-06-15 18:06:50,167 [Worker-13: Download sources and javadoc] INFO  o.e.m.c.i.e.AbstractTransferListenerAdapter - Downloading https://repo.maven.apache.org/maven2/org/seleniumhq/selenium/selenium-remote-driver/4.44.0/selenium-remote-driver-4.44.0-sources.jar
2026-06-15 18:06:50,272 [Worker-13: Download sources and javadoc] INFO  o.e.m.c.i.e.AbstractTransferListenerAdapter - Downloaded https://repo.maven.apache.org/maven2/org/seleniumhq/selenium/selenium-remote-driver/4.44.0/selenium-remote-driver-4.44.0-sources.jar
2026-06-15 18:06:50,276 [Worker-13: Download sources and javadoc] INFO  o.e.m.j.internal.DownloadSourcesJob - Downloaded sources for org.seleniumhq.selenium:selenium-remote-driver:4.44.0
2026-06-15 18:06:50,343 [Worker-13: Download sources and javadoc] INFO  o.e.m.c.i.e.AbstractTransferListenerAdapter - Downloading https://repo.maven.apache.org/maven2/com/google/guava/guava/33.6.0-jre/guava-33.6.0-jre-sources.jar
2026-06-15 18:06:50,818 [Worker-13: Download sources and javadoc] INFO  o.e.m.c.i.e.AbstractTransferListenerAdapter - Downloaded https://repo.maven.apache.org/maven2/com/google/guava/guava/33.6.0-jre/guava-33.6.0-jre-sources.jar
2026-06-15 18:06:50,826 [Worker-13: Download sources and javadoc] INFO  o.e.m.j.internal.DownloadSourcesJob - Downloaded sources for com.google.guava:guava:33.6.0-jre
2026-06-15 18:06:50,903 [Worker-13: Download sources and javadoc] INFO  o.e.m.c.i.e.AbstractTransferListenerAdapter - Downloading https://repo.maven.apache.org/maven2/com/google/guava/failureaccess/1.0.3/failureaccess-1.0.3-sources.jar
2026-06-15 18:06:51,087 [Worker-13: Download sources and javadoc] INFO  o.e.m.c.i.e.AbstractTransferListenerAdapter - Downloaded https://repo.maven.apache.org/maven2/com/google/guava/failureaccess/1.0.3/failureaccess-1.0.3-sources.jar
2026-06-15 18:06:51,096 [Worker-13: Download sources and javadoc] INFO  o.e.m.j.internal.DownloadSourcesJob - Downloaded sources for com.google.guava:failureaccess:1.0.3
2026-06-15 18:06:51,173 [Worker-13: Download sources and javadoc] INFO  o.e.m.c.i.e.AbstractTransferListenerAdapter - Downloaded https://repo.maven.apache.org/maven2/com/google/guava/listenablefuture/9999.0-empty-to-avoid-conflict-with-guava/listenablefuture-9999.0-empty-to-avoid-conflict-with-guava-sources.jar
2026-06-15 18:06:51,179 [Worker-13: Download sources and javadoc] ERROR o.e.m.j.internal.DownloadSourcesJob - Could not download sources for com.google.guava:listenablefuture:9999.0-empty-to-avoid-conflict-with-guava
org.eclipse.core.runtime.CoreException: Could not resolve artifact com.google.guava:listenablefuture:jar:sources:9999.0-empty-to-avoid-conflict-with-guava
	at org.eclipse.m2e.core.internal.embedder.MavenImpl.lambda$7(MavenImpl.java:540)
	at org.eclipse.m2e.core.internal.embedder.MavenExecutionContext.executeBare(MavenExecutionContext.java:458)
	at org.eclipse.m2e.core.internal.embedder.MavenExecutionContext.execute(MavenExecutionContext.java:292)
	at org.eclipse.m2e.core.internal.embedder.MavenExecutionContext.execute(MavenExecutionContext.java:278)
	at org.eclipse.m2e.core.internal.embedder.MavenImpl.resolve(MavenImpl.java:509)
	at org.eclipse.m2e.core.internal.embedder.MavenImpl.resolve(MavenImpl.java:494)
	at org.eclipse.m2e.jdt.internal.DownloadSourcesJob.download(DownloadSourcesJob.java:308)
	at org.eclipse.m2e.jdt.internal.DownloadSourcesJob.downloadAttachments(DownloadSourcesJob.java:282)
	at org.eclipse.m2e.jdt.internal.DownloadSourcesJob.downloadMaven(DownloadSourcesJob.java:252)
	at org.eclipse.m2e.jdt.internal.DownloadSourcesJob.downloadFilesAndPopulateToUpdate(DownloadSourcesJob.java:220)
	at org.eclipse.m2e.jdt.internal.DownloadSourcesJob.lambda$0(DownloadSourcesJob.java:149)
	at org.eclipse.m2e.core.internal.embedder.MavenExecutionContext.executeBare(MavenExecutionContext.java:458)
	at org.eclipse.m2e.core.internal.embedder.MavenExecutionContext.execute(MavenExecutionContext.java:339)
	at org.eclipse.m2e.core.internal.embedder.MavenExecutionContext.execute(MavenExecutionContext.java:278)
	at org.eclipse.m2e.core.embedder.IMaven.execute(IMaven.java:300)
	at org.eclipse.m2e.jdt.internal.DownloadSourcesJob.run(DownloadSourcesJob.java:149)
	at org.eclipse.core.internal.jobs.Worker.run(Worker.java:63)
2026-06-15 18:06:51,617 [Worker-13: Download sources and javadoc] INFO  o.e.m.c.i.e.AbstractTransferListenerAdapter - Downloading https://repo.maven.apache.org/maven2/com/google/errorprone/error_prone_annotations/2.47.0/error_prone_annotations-2.47.0-sources.jar
2026-06-15 18:06:52,283 [Worker-13: Download sources and javadoc] INFO  o.e.m.c.i.e.AbstractTransferListenerAdapter - Downloaded https://repo.maven.apache.org/maven2/com/google/errorprone/error_prone_annotations/2.47.0/error_prone_annotations-2.47.0-sources.jar
2026-06-15 18:06:52,290 [Worker-13: Download sources and javadoc] INFO  o.e.m.j.internal.DownloadSourcesJob - Downloaded sources for com.google.errorprone:error_prone_annotations:2.47.0
2026-06-15 18:06:52,366 [Worker-13: Download sources and javadoc] INFO  o.e.m.c.i.e.AbstractTransferListenerAdapter - Downloading https://repo.maven.apache.org/maven2/com/google/j2objc/j2objc-annotations/3.1/j2objc-annotations-3.1-sources.jar
2026-06-15 18:06:52,702 [Worker-13: Download sources and javadoc] INFO  o.e.m.c.i.e.AbstractTransferListenerAdapter - Downloaded https://repo.maven.apache.org/maven2/com/google/j2objc/j2objc-annotations/3.1/j2objc-annotations-3.1-sources.jar
2026-06-15 18:06:52,708 [Worker-13: Download sources and javadoc] INFO  o.e.m.j.internal.DownloadSourcesJob - Downloaded sources for com.google.j2objc:j2objc-annotations:3.1
2026-06-15 18:06:52,779 [Worker-13: Download sources and javadoc] INFO  o.e.m.c.i.e.AbstractTransferListenerAdapter - Downloading https://repo.maven.apache.org/maven2/io/opentelemetry/opentelemetry-api/1.62.0/opentelemetry-api-1.62.0-sources.jar
2026-06-15 18:06:52,852 [Worker-13: Download sources and javadoc] INFO  o.e.m.c.i.e.AbstractTransferListenerAdapter - Downloaded https://repo.maven.apache.org/maven2/io/opentelemetry/opentelemetry-api/1.62.0/opentelemetry-api-1.62.0-sources.jar
2026-06-15 18:06:52,858 [Worker-13: Download sources and javadoc] INFO  o.e.m.j.internal.DownloadSourcesJob - Downloaded sources for io.opentelemetry:opentelemetry-api:1.62.0
2026-06-15 18:06:52,929 [Worker-13: Download sources and javadoc] INFO  o.e.m.c.i.e.AbstractTransferListenerAdapter - Downloading https://repo.maven.apache.org/maven2/io/opentelemetry/opentelemetry-context/1.62.0/opentelemetry-context-1.62.0-sources.jar
2026-06-15 18:06:53,618 [Worker-13: Download sources and javadoc] INFO  o.e.m.c.i.e.AbstractTransferListenerAdapter - Downloaded https://repo.maven.apache.org/maven2/io/opentelemetry/opentelemetry-context/1.62.0/opentelemetry-context-1.62.0-sources.jar
2026-06-15 18:06:53,635 [Worker-13: Download sources and javadoc] INFO  o.e.m.j.internal.DownloadSourcesJob - Downloaded sources for io.opentelemetry:opentelemetry-context:1.62.0
2026-06-15 18:06:53,704 [Worker-13: Download sources and javadoc] INFO  o.e.m.c.i.e.AbstractTransferListenerAdapter - Downloading https://repo.maven.apache.org/maven2/io/opentelemetry/opentelemetry-common/1.62.0/opentelemetry-common-1.62.0-sources.jar
2026-06-15 18:06:53,749 [Worker-13: Download sources and javadoc] INFO  o.e.m.c.i.e.AbstractTransferListenerAdapter - Downloaded https://repo.maven.apache.org/maven2/io/opentelemetry/opentelemetry-common/1.62.0/opentelemetry-common-1.62.0-sources.jar
2026-06-15 18:06:53,755 [Worker-13: Download sources and javadoc] INFO  o.e.m.j.internal.DownloadSourcesJob - Downloaded sources for io.opentelemetry:opentelemetry-common:1.62.0
2026-06-15 18:06:53,873 [Worker-13: Download sources and javadoc] INFO  o.e.m.c.i.e.AbstractTransferListenerAdapter - Downloading https://repo.maven.apache.org/maven2/io/opentelemetry/opentelemetry-exporter-logging/1.62.0/opentelemetry-exporter-logging-1.62.0-sources.jar
2026-06-15 18:06:54,072 [Worker-13: Download sources and javadoc] INFO  o.e.m.c.i.e.AbstractTransferListenerAdapter - Downloaded https://repo.maven.apache.org/maven2/io/opentelemetry/opentelemetry-exporter-logging/1.62.0/opentelemetry-exporter-logging-1.62.0-sources.jar
2026-06-15 18:06:54,077 [Worker-13: Download sources and javadoc] INFO  o.e.m.j.internal.DownloadSourcesJob - Downloaded sources for io.opentelemetry:opentelemetry-exporter-logging:1.62.0
2026-06-15 18:06:54,148 [Worker-13: Download sources and javadoc] INFO  o.e.m.c.i.e.AbstractTransferListenerAdapter - Downloading https://repo.maven.apache.org/maven2/io/opentelemetry/opentelemetry-sdk-common/1.62.0/opentelemetry-sdk-common-1.62.0-sources.jar
2026-06-15 18:06:54,210 [Worker-13: Download sources and javadoc] INFO  o.e.m.c.i.e.AbstractTransferListenerAdapter - Downloaded https://repo.maven.apache.org/maven2/io/opentelemetry/opentelemetry-sdk-common/1.62.0/opentelemetry-sdk-common-1.62.0-sources.jar
2026-06-15 18:06:54,218 [Worker-13: Download sources and javadoc] INFO  o.e.m.j.internal.DownloadSourcesJob - Downloaded sources for io.opentelemetry:opentelemetry-sdk-common:1.62.0
2026-06-15 18:06:54,295 [Worker-13: Download sources and javadoc] INFO  o.e.m.c.i.e.AbstractTransferListenerAdapter - Downloading https://repo.maven.apache.org/maven2/io/opentelemetry/opentelemetry-sdk-extension-autoconfigure-spi/1.62.0/opentelemetry-sdk-extension-autoconfigure-spi-1.62.0-sources.jar
2026-06-15 18:06:54,727 [Worker-13: Download sources and javadoc] INFO  o.e.m.c.i.e.AbstractTransferListenerAdapter - Downloaded https://repo.maven.apache.org/maven2/io/opentelemetry/opentelemetry-sdk-extension-autoconfigure-spi/1.62.0/opentelemetry-sdk-extension-autoconfigure-spi-1.62.0-sources.jar
2026-06-15 18:06:54,733 [Worker-13: Download sources and javadoc] INFO  o.e.m.j.internal.DownloadSourcesJob - Downloaded sources for io.opentelemetry:opentelemetry-sdk-extension-autoconfigure-spi:1.62.0
2026-06-15 18:06:54,801 [Worker-13: Download sources and javadoc] INFO  o.e.m.c.i.e.AbstractTransferListenerAdapter - Downloading https://repo.maven.apache.org/maven2/io/opentelemetry/opentelemetry-sdk-extension-autoconfigure/1.62.0/opentelemetry-sdk-extension-autoconfigure-1.62.0-sources.jar
2026-06-15 18:06:55,120 [Worker-13: Download sources and javadoc] INFO  o.e.m.c.i.e.AbstractTransferListenerAdapter - Downloaded https://repo.maven.apache.org/maven2/io/opentelemetry/opentelemetry-sdk-extension-autoconfigure/1.62.0/opentelemetry-sdk-extension-autoconfigure-1.62.0-sources.jar
2026-06-15 18:06:55,128 [Worker-13: Download sources and javadoc] INFO  o.e.m.j.internal.DownloadSourcesJob - Downloaded sources for io.opentelemetry:opentelemetry-sdk-extension-autoconfigure:1.62.0
2026-06-15 18:06:55,196 [Worker-13: Download sources and javadoc] INFO  o.e.m.c.i.e.AbstractTransferListenerAdapter - Downloading https://repo.maven.apache.org/maven2/io/opentelemetry/opentelemetry-sdk-trace/1.62.0/opentelemetry-sdk-trace-1.62.0-sources.jar
2026-06-15 18:06:55,238 [Worker-13: Download sources and javadoc] INFO  o.e.m.c.i.e.AbstractTransferListenerAdapter - Downloaded https://repo.maven.apache.org/maven2/io/opentelemetry/opentelemetry-sdk-trace/1.62.0/opentelemetry-sdk-trace-1.62.0-sources.jar
2026-06-15 18:06:55,244 [Worker-13: Download sources and javadoc] INFO  o.e.m.j.internal.DownloadSourcesJob - Downloaded sources for io.opentelemetry:opentelemetry-sdk-trace:1.62.0
2026-06-15 18:06:55,307 [Worker-13: Download sources and javadoc] INFO  o.e.m.c.i.e.AbstractTransferListenerAdapter - Downloading https://repo.maven.apache.org/maven2/io/opentelemetry/opentelemetry-sdk/1.62.0/opentelemetry-sdk-1.62.0-sources.jar
2026-06-15 18:06:55,400 [Worker-13: Download sources and javadoc] INFO  o.e.m.c.i.e.AbstractTransferListenerAdapter - Downloaded https://repo.maven.apache.org/maven2/io/opentelemetry/opentelemetry-sdk/1.62.0/opentelemetry-sdk-1.62.0-sources.jar
2026-06-15 18:06:55,405 [Worker-13: Download sources and javadoc] INFO  o.e.m.j.internal.DownloadSourcesJob - Downloaded sources for io.opentelemetry:opentelemetry-sdk:1.62.0
2026-06-15 18:06:55,469 [Worker-13: Download sources and javadoc] INFO  o.e.m.c.i.e.AbstractTransferListenerAdapter - Downloading https://repo.maven.apache.org/maven2/io/opentelemetry/opentelemetry-sdk-metrics/1.62.0/opentelemetry-sdk-metrics-1.62.0-sources.jar
2026-06-15 18:06:55,533 [Worker-13: Download sources and javadoc] INFO  o.e.m.c.i.e.AbstractTransferListenerAdapter - Downloaded https://repo.maven.apache.org/maven2/io/opentelemetry/opentelemetry-sdk-metrics/1.62.0/opentelemetry-sdk-metrics-1.62.0-sources.jar
2026-06-15 18:06:55,539 [Worker-13: Download sources and javadoc] INFO  o.e.m.j.internal.DownloadSourcesJob - Downloaded sources for io.opentelemetry:opentelemetry-sdk-metrics:1.62.0
2026-06-15 18:06:55,637 [Worker-13: Download sources and javadoc] INFO  o.e.m.c.i.e.AbstractTransferListenerAdapter - Downloading https://repo.maven.apache.org/maven2/io/opentelemetry/opentelemetry-sdk-logs/1.62.0/opentelemetry-sdk-logs-1.62.0-sources.jar
2026-06-15 18:06:56,150 [Worker-13: Download sources and javadoc] INFO  o.e.m.c.i.e.AbstractTransferListenerAdapter - Downloaded https://repo.maven.apache.org/maven2/io/opentelemetry/opentelemetry-sdk-logs/1.62.0/opentelemetry-sdk-logs-1.62.0-sources.jar
2026-06-15 18:06:56,161 [Worker-13: Download sources and javadoc] INFO  o.e.m.j.internal.DownloadSourcesJob - Downloaded sources for io.opentelemetry:opentelemetry-sdk-logs:1.62.0
2026-06-15 18:06:56,254 [Worker-13: Download sources and javadoc] INFO  o.e.m.c.i.e.AbstractTransferListenerAdapter - Downloading https://repo.maven.apache.org/maven2/net/bytebuddy/byte-buddy/1.18.8-jdk5/byte-buddy-1.18.8-jdk5-sources.jar
2026-06-15 18:06:56,847 [Worker-13: Download sources and javadoc] INFO  o.e.m.c.i.e.AbstractTransferListenerAdapter - Downloaded https://repo.maven.apache.org/maven2/net/bytebuddy/byte-buddy/1.18.8-jdk5/byte-buddy-1.18.8-jdk5-sources.jar
2026-06-15 18:06:56,860 [Worker-13: Download sources and javadoc] INFO  o.e.m.j.internal.DownloadSourcesJob - Downloaded sources for net.bytebuddy:byte-buddy:1.18.8-jdk5
2026-06-15 18:06:56,934 [Worker-13: Download sources and javadoc] INFO  o.e.m.c.i.e.AbstractTransferListenerAdapter - Downloading https://repo.maven.apache.org/maven2/org/seleniumhq/selenium/selenium-os/4.44.0/selenium-os-4.44.0-sources.jar
2026-06-15 18:06:57,043 [Worker-13: Download sources and javadoc] INFO  o.e.m.c.i.e.AbstractTransferListenerAdapter - Downloaded https://repo.maven.apache.org/maven2/org/seleniumhq/selenium/selenium-os/4.44.0/selenium-os-4.44.0-sources.jar
2026-06-15 18:06:57,055 [Worker-13: Download sources and javadoc] INFO  o.e.m.j.internal.DownloadSourcesJob - Downloaded sources for org.seleniumhq.selenium:selenium-os:4.44.0
2026-06-15 18:06:57,137 [Worker-13: Download sources and javadoc] INFO  o.e.m.c.i.e.AbstractTransferListenerAdapter - Downloading https://repo.maven.apache.org/maven2/org/seleniumhq/selenium/selenium-safari-driver/4.44.0/selenium-safari-driver-4.44.0-sources.jar
2026-06-15 18:06:57,748 [Worker-13: Download sources and javadoc] INFO  o.e.m.c.i.e.AbstractTransferListenerAdapter - Downloaded https://repo.maven.apache.org/maven2/org/seleniumhq/selenium/selenium-safari-driver/4.44.0/selenium-safari-driver-4.44.0-sources.jar
2026-06-15 18:06:57,763 [Worker-13: Download sources and javadoc] INFO  o.e.m.j.internal.DownloadSourcesJob - Downloaded sources for org.seleniumhq.selenium:selenium-safari-driver:4.44.0
2026-06-15 18:06:57,850 [Worker-13: Download sources and javadoc] INFO  o.e.m.c.i.e.AbstractTransferListenerAdapter - Downloading https://repo.maven.apache.org/maven2/org/seleniumhq/selenium/selenium-support/4.44.0/selenium-support-4.44.0-sources.jar
2026-06-15 18:06:57,955 [Worker-13: Download sources and javadoc] INFO  o.e.m.c.i.e.AbstractTransferListenerAdapter - Downloaded https://repo.maven.apache.org/maven2/org/seleniumhq/selenium/selenium-support/4.44.0/selenium-support-4.44.0-sources.jar
2026-06-15 18:06:57,971 [Worker-13: Download sources and javadoc] INFO  o.e.m.j.internal.DownloadSourcesJob - Downloaded sources for org.seleniumhq.selenium:selenium-support:4.44.0
2026-06-15 18:07:22,848 [Worker-4: Building] WARN  o.a.m.s.f.DefaultMavenResourcesFiltering - Using platform encoding (UTF-8 actually) to copy filtered resources, i.e. build is platform dependent!
2026-06-15 18:07:22,850 [Worker-4: Building] INFO  o.a.m.s.f.DefaultMavenResourcesFiltering - Copying 0 resource from src\main\resources to target\classes
2026-06-15 18:07:22,853 [Worker-4: Building] WARN  o.a.m.s.f.DefaultMavenResourcesFiltering - Using platform encoding (UTF-8 actually) to copy filtered resources, i.e. build is platform dependent!
2026-06-15 18:07:22,877 [Worker-4: Building] INFO  o.a.m.s.f.DefaultMavenResourcesFiltering - Copying 0 resource from src\test\resources to target\test-classes
2026-06-15 18:07:36,189 [Worker-15: Download sources and javadoc] INFO  o.e.m.c.i.e.AbstractTransferListenerAdapter - Downloaded https://repo.maven.apache.org/maven2/com/google/guava/listenablefuture/9999.0-empty-to-avoid-conflict-with-guava/listenablefuture-9999.0-empty-to-avoid-conflict-with-guava-javadoc.jar
2026-06-15 18:07:36,193 [Worker-15: Download sources and javadoc] ERROR o.e.m.j.internal.DownloadSourcesJob - Could not download javadoc for com.google.guava:listenablefuture:9999.0-empty-to-avoid-conflict-with-guava
org.eclipse.core.runtime.CoreException: Could not resolve artifact com.google.guava:listenablefuture:jar:javadoc:9999.0-empty-to-avoid-conflict-with-guava
	at org.eclipse.m2e.core.internal.embedder.MavenImpl.lambda$7(MavenImpl.java:540)
	at org.eclipse.m2e.core.internal.embedder.MavenExecutionContext.executeBare(MavenExecutionContext.java:458)
	at org.eclipse.m2e.core.internal.embedder.MavenExecutionContext.execute(MavenExecutionContext.java:292)
	at org.eclipse.m2e.core.internal.embedder.MavenExecutionContext.execute(MavenExecutionContext.java:278)
	at org.eclipse.m2e.core.internal.embedder.MavenImpl.resolve(MavenImpl.java:509)
	at org.eclipse.m2e.core.internal.embedder.MavenImpl.resolve(MavenImpl.java:494)
	at org.eclipse.m2e.jdt.internal.DownloadSourcesJob.download(DownloadSourcesJob.java:308)
	at org.eclipse.m2e.jdt.internal.DownloadSourcesJob.downloadAttachments(DownloadSourcesJob.java:294)
	at org.eclipse.m2e.jdt.internal.DownloadSourcesJob.downloadMaven(DownloadSourcesJob.java:252)
	at org.eclipse.m2e.jdt.internal.DownloadSourcesJob.downloadFilesAndPopulateToUpdate(DownloadSourcesJob.java:220)
	at org.eclipse.m2e.jdt.internal.DownloadSourcesJob.lambda$0(DownloadSourcesJob.java:149)
	at org.eclipse.m2e.core.internal.embedder.MavenExecutionContext.executeBare(MavenExecutionContext.java:458)
	at org.eclipse.m2e.core.internal.embedder.MavenExecutionContext.execute(MavenExecutionContext.java:339)
	at org.eclipse.m2e.core.internal.embedder.MavenExecutionContext.execute(MavenExecutionContext.java:278)
	at org.eclipse.m2e.core.embedder.IMaven.execute(IMaven.java:300)
	at org.eclipse.m2e.jdt.internal.DownloadSourcesJob.run(DownloadSourcesJob.java:149)
	at org.eclipse.core.internal.jobs.Worker.run(Worker.java:63)
2026-06-15 18:11:43,125 [Worker-15: Building] WARN  o.a.m.s.f.DefaultMavenResourcesFiltering - Using platform encoding (UTF-8 actually) to copy filtered resources, i.e. build is platform dependent!
2026-06-15 18:11:43,139 [Worker-15: Building] INFO  o.a.m.s.f.DefaultMavenResourcesFiltering - Copying 0 resource from src\main\resources to target\classes
2026-06-15 18:11:43,142 [Worker-15: Building] WARN  o.a.m.s.f.DefaultMavenResourcesFiltering - Using platform encoding (UTF-8 actually) to copy filtered resources, i.e. build is platform dependent!
2026-06-15 18:11:43,178 [Worker-15: Building] INFO  o.a.m.s.f.DefaultMavenResourcesFiltering - Copying 0 resource from src\test\resources to target\test-classes
2026-06-15 18:18:16,687 [Worker-4: Building] WARN  o.a.m.s.f.DefaultMavenResourcesFiltering - Using platform encoding (UTF-8 actually) to copy filtered resources, i.e. build is platform dependent!
2026-06-15 18:18:16,688 [Worker-4: Building] INFO  o.a.m.s.f.DefaultMavenResourcesFiltering - Copying 0 resource from src\main\resources to target\classes
2026-06-15 18:18:16,691 [Worker-4: Building] WARN  o.a.m.s.f.DefaultMavenResourcesFiltering - Using platform encoding (UTF-8 actually) to copy filtered resources, i.e. build is platform dependent!
2026-06-15 18:18:16,762 [Worker-4: Building] INFO  o.a.m.s.f.DefaultMavenResourcesFiltering - Copying 0 resource from src\test\resources to target\test-classes
2026-06-15 18:20:12,857 [Worker-1: Building] WARN  o.a.m.s.f.DefaultMavenResourcesFiltering - Using platform encoding (UTF-8 actually) to copy filtered resources, i.e. build is platform dependent!
2026-06-15 18:20:12,860 [Worker-1: Building] INFO  o.a.m.s.f.DefaultMavenResourcesFiltering - Copying 0 resource from src\main\resources to target\classes
2026-06-15 18:20:12,862 [Worker-1: Building] WARN  o.a.m.s.f.DefaultMavenResourcesFiltering - Using platform encoding (UTF-8 actually) to copy filtered resources, i.e. build is platform dependent!
2026-06-15 18:20:12,905 [Worker-1: Building] INFO  o.a.m.s.f.DefaultMavenResourcesFiltering - Copying 0 resource from src\test\resources to target\test-classes
2026-06-15 18:20:19,920 [Worker-8: Building] WARN  o.a.m.s.f.DefaultMavenResourcesFiltering - Using platform encoding (UTF-8 actually) to copy filtered resources, i.e. build is platform dependent!
2026-06-15 18:20:19,921 [Worker-8: Building] INFO  o.a.m.s.f.DefaultMavenResourcesFiltering - Copying 0 resource from src\main\resources to target\classes
2026-06-15 18:20:19,923 [Worker-8: Building] WARN  o.a.m.s.f.DefaultMavenResourcesFiltering - Using platform encoding (UTF-8 actually) to copy filtered resources, i.e. build is platform dependent!
2026-06-15 18:20:19,924 [Worker-8: Building] INFO  o.a.m.s.f.DefaultMavenResourcesFiltering - Copying 0 resource from src\test\resources to target\test-classes
2026-06-15 18:22:26,553 [Worker-15: Creating project "demo04"] INFO  o.e.m.c.i.l.LifecycleMappingFactory - Using org.eclipse.m2e.jdt.JarLifecycleMapping lifecycle mapping for MavenProject: com.sunbeam:demo04:0.0.1-SNAPSHOT @ E:\osc_sdm\Day07\demo04\pom.xml.
2026-06-15 18:22:27,166 [Worker-15: Creating project "demo04"] INFO  o.e.m.j.i.AbstractJavaProjectConfigurator - Adding source folder /demo04/src/main/java
2026-06-15 18:22:27,167 [Worker-15: Creating project "demo04"] INFO  o.e.m.j.i.AbstractJavaProjectConfigurator - Adding resource folder /demo04/src/main/resources
2026-06-15 18:22:27,167 [Worker-15: Creating project "demo04"] INFO  o.e.m.j.i.AbstractJavaProjectConfigurator - Adding source folder /demo04/src/test/java
2026-06-15 18:22:27,168 [Worker-15: Creating project "demo04"] INFO  o.e.m.j.i.AbstractJavaProjectConfigurator - Adding resource folder /demo04/src/test/resources
2026-06-15 18:22:27,565 [Worker-1: Building] WARN  o.a.m.s.f.DefaultMavenResourcesFiltering - Using platform encoding (UTF-8 actually) to copy filtered resources, i.e. build is platform dependent!
2026-06-15 18:22:27,567 [Worker-1: Building] INFO  o.a.m.s.f.DefaultMavenResourcesFiltering - Copying 0 resource from src\main\resources to target\classes
2026-06-15 18:22:27,569 [Worker-1: Building] WARN  o.a.m.s.f.DefaultMavenResourcesFiltering - Using platform encoding (UTF-8 actually) to copy filtered resources, i.e. build is platform dependent!
2026-06-15 18:22:27,639 [Worker-1: Building] INFO  o.a.m.s.f.DefaultMavenResourcesFiltering - Copying 0 resource from src\test\resources to target\test-classes
2026-06-15 18:25:02,579 [Worker-1: Building] WARN  o.a.m.s.f.DefaultMavenResourcesFiltering - Using platform encoding (UTF-8 actually) to copy filtered resources, i.e. build is platform dependent!
2026-06-15 18:25:02,581 [Worker-1: Building] INFO  o.a.m.s.f.DefaultMavenResourcesFiltering - Copying 0 resource from src\main\resources to target\classes
2026-06-15 18:25:02,587 [Worker-1: Building] WARN  o.a.m.s.f.DefaultMavenResourcesFiltering - Using platform encoding (UTF-8 actually) to copy filtered resources, i.e. build is platform dependent!
2026-06-15 18:25:02,589 [Worker-1: Building] INFO  o.a.m.s.f.DefaultMavenResourcesFiltering - Copying 0 resource from src\test\resources to target\test-classes
2026-06-15 18:27:23,942 [Worker-8: Building] WARN  o.a.m.s.f.DefaultMavenResourcesFiltering - Using platform encoding (UTF-8 actually) to copy filtered resources, i.e. build is platform dependent!
2026-06-15 18:27:23,944 [Worker-8: Building] INFO  o.a.m.s.f.DefaultMavenResourcesFiltering - Copying 0 resource from src\main\resources to target\classes
2026-06-15 18:27:23,948 [Worker-8: Building] WARN  o.a.m.s.f.DefaultMavenResourcesFiltering - Using platform encoding (UTF-8 actually) to copy filtered resources, i.e. build is platform dependent!
2026-06-15 18:27:24,055 [Worker-8: Building] INFO  o.a.m.s.f.DefaultMavenResourcesFiltering - Copying 0 resource from src\test\resources to target\test-classes
2026-06-15 18:28:53,041 [Worker-4: Building] WARN  o.a.m.s.f.DefaultMavenResourcesFiltering - Using platform encoding (UTF-8 actually) to copy filtered resources, i.e. build is platform dependent!
2026-06-15 18:28:53,043 [Worker-4: Building] INFO  o.a.m.s.f.DefaultMavenResourcesFiltering - Copying 0 resource from src\main\resources to target\classes
2026-06-15 18:28:53,046 [Worker-4: Building] WARN  o.a.m.s.f.DefaultMavenResourcesFiltering - Using platform encoding (UTF-8 actually) to copy filtered resources, i.e. build is platform dependent!
2026-06-15 18:28:53,078 [Worker-4: Building] INFO  o.a.m.s.f.DefaultMavenResourcesFiltering - Copying 0 resource from src\test\resources to target\test-classes
2026-06-15 18:29:06,580 [Worker-1: Building] WARN  o.a.m.s.f.DefaultMavenResourcesFiltering - Using platform encoding (UTF-8 actually) to copy filtered resources, i.e. build is platform dependent!
2026-06-15 18:29:06,581 [Worker-1: Building] INFO  o.a.m.s.f.DefaultMavenResourcesFiltering - Copying 0 resource from src\main\resources to target\classes
2026-06-15 18:29:06,583 [Worker-1: Building] WARN  o.a.m.s.f.DefaultMavenResourcesFiltering - Using platform encoding (UTF-8 actually) to copy filtered resources, i.e. build is platform dependent!
2026-06-15 18:29:06,583 [Worker-1: Building] INFO  o.a.m.s.f.DefaultMavenResourcesFiltering - Copying 0 resource from src\test\resources to target\test-classes
2026-06-15 18:29:28,165 [Worker-1: Building] INFO  o.e.m.c.i.l.LifecycleMappingFactory - Using org.eclipse.m2e.jdt.JarLifecycleMapping lifecycle mapping for MavenProject: com.sunbeam:demo04:0.0.1-SNAPSHOT @ E:\osc_sdm\Day07\demo04\pom.xml.
2026-06-15 18:29:28,493 [Worker-1: Building] WARN  o.a.m.s.f.DefaultMavenResourcesFiltering - Using platform encoding (UTF-8 actually) to copy filtered resources, i.e. build is platform dependent!
2026-06-15 18:29:28,495 [Worker-1: Building] INFO  o.a.m.s.f.DefaultMavenResourcesFiltering - Copying 0 resource from src\main\resources to target\classes
2026-06-15 18:29:28,499 [Worker-1: Building] WARN  o.a.m.s.f.DefaultMavenResourcesFiltering - Using platform encoding (UTF-8 actually) to copy filtered resources, i.e. build is platform dependent!
2026-06-15 18:29:28,524 [Worker-1: Building] INFO  o.a.m.s.f.DefaultMavenResourcesFiltering - Copying 0 resource from src\test\resources to target\test-classes
2026-06-15 18:29:29,736 [Worker-8: Building] WARN  o.a.m.s.f.DefaultMavenResourcesFiltering - Using platform encoding (UTF-8 actually) to copy filtered resources, i.e. build is platform dependent!
2026-06-15 18:29:29,737 [Worker-8: Building] INFO  o.a.m.s.f.DefaultMavenResourcesFiltering - Copying 0 resource from src\main\resources to target\classes
2026-06-15 18:29:29,740 [Worker-8: Building] WARN  o.a.m.s.f.DefaultMavenResourcesFiltering - Using platform encoding (UTF-8 actually) to copy filtered resources, i.e. build is platform dependent!
2026-06-15 18:29:29,759 [Worker-8: Building] INFO  o.a.m.s.f.DefaultMavenResourcesFiltering - Copying 0 resource from src\test\resources to target\test-classes
2026-06-15 18:29:29,858 [Worker-15: Download sources and javadoc] INFO  o.e.m.c.i.e.AbstractTransferListenerAdapter - Downloading https://repo.maven.apache.org/maven2/org/junit/jupiter/junit-jupiter/6.1.0/junit-jupiter-6.1.0-sources.jar
2026-06-15 18:29:30,261 [Worker-15: Download sources and javadoc] INFO  o.e.m.c.i.e.AbstractTransferListenerAdapter - Downloaded https://repo.maven.apache.org/maven2/org/junit/jupiter/junit-jupiter/6.1.0/junit-jupiter-6.1.0-sources.jar
2026-06-15 18:29:30,270 [Worker-15: Download sources and javadoc] INFO  o.e.m.j.internal.DownloadSourcesJob - Downloaded sources for org.junit.jupiter:junit-jupiter:6.1.0
2026-06-15 18:29:31,478 [Worker-15: Download sources and javadoc] INFO  o.e.m.c.i.e.AbstractTransferListenerAdapter - Downloading https://repo.maven.apache.org/maven2/org/junit/jupiter/junit-jupiter-api/6.1.0/junit-jupiter-api-6.1.0-sources.jar
2026-06-15 18:29:32,826 [Worker-15: Download sources and javadoc] INFO  o.e.m.c.i.e.AbstractTransferListenerAdapter - Downloaded https://repo.maven.apache.org/maven2/org/junit/jupiter/junit-jupiter-api/6.1.0/junit-jupiter-api-6.1.0-sources.jar
2026-06-15 18:29:32,831 [Worker-15: Download sources and javadoc] INFO  o.e.m.j.internal.DownloadSourcesJob - Downloaded sources for org.junit.jupiter:junit-jupiter-api:6.1.0
2026-06-15 18:29:33,749 [Worker-15: Download sources and javadoc] INFO  o.e.m.c.i.e.AbstractTransferListenerAdapter - Downloading https://repo.maven.apache.org/maven2/org/opentest4j/opentest4j/1.3.0/opentest4j-1.3.0-sources.jar
2026-06-15 18:29:34,078 [Worker-15: Download sources and javadoc] INFO  o.e.m.c.i.e.AbstractTransferListenerAdapter - Downloaded https://repo.maven.apache.org/maven2/org/opentest4j/opentest4j/1.3.0/opentest4j-1.3.0-sources.jar
2026-06-15 18:29:34,083 [Worker-15: Download sources and javadoc] INFO  o.e.m.j.internal.DownloadSourcesJob - Downloaded sources for org.opentest4j:opentest4j:1.3.0
2026-06-15 18:29:34,240 [Worker-15: Download sources and javadoc] INFO  o.e.m.c.i.e.AbstractTransferListenerAdapter - Downloading https://repo.maven.apache.org/maven2/org/junit/platform/junit-platform-commons/6.1.0/junit-platform-commons-6.1.0-sources.jar
2026-06-15 18:29:34,356 [Worker-15: Download sources and javadoc] INFO  o.e.m.c.i.e.AbstractTransferListenerAdapter - Downloaded https://repo.maven.apache.org/maven2/org/junit/platform/junit-platform-commons/6.1.0/junit-platform-commons-6.1.0-sources.jar
2026-06-15 18:29:34,363 [Worker-15: Download sources and javadoc] INFO  o.e.m.j.internal.DownloadSourcesJob - Downloaded sources for org.junit.platform:junit-platform-commons:6.1.0
2026-06-15 18:29:34,611 [Worker-15: Download sources and javadoc] INFO  o.e.m.c.i.e.AbstractTransferListenerAdapter - Downloading https://repo.maven.apache.org/maven2/org/apiguardian/apiguardian-api/1.1.2/apiguardian-api-1.1.2-sources.jar
2026-06-15 18:29:34,660 [Worker-15: Download sources and javadoc] INFO  o.e.m.c.i.e.AbstractTransferListenerAdapter - Downloaded https://repo.maven.apache.org/maven2/org/apiguardian/apiguardian-api/1.1.2/apiguardian-api-1.1.2-sources.jar
2026-06-15 18:29:34,664 [Worker-15: Download sources and javadoc] INFO  o.e.m.j.internal.DownloadSourcesJob - Downloaded sources for org.apiguardian:apiguardian-api:1.1.2
2026-06-15 18:29:34,839 [Worker-15: Download sources and javadoc] INFO  o.e.m.c.i.e.AbstractTransferListenerAdapter - Downloading https://repo.maven.apache.org/maven2/org/junit/jupiter/junit-jupiter-params/6.1.0/junit-jupiter-params-6.1.0-sources.jar
2026-06-15 18:29:34,966 [Worker-15: Download sources and javadoc] INFO  o.e.m.c.i.e.AbstractTransferListenerAdapter - Downloaded https://repo.maven.apache.org/maven2/org/junit/jupiter/junit-jupiter-params/6.1.0/junit-jupiter-params-6.1.0-sources.jar
2026-06-15 18:29:34,972 [Worker-15: Download sources and javadoc] INFO  o.e.m.j.internal.DownloadSourcesJob - Downloaded sources for org.junit.jupiter:junit-jupiter-params:6.1.0
2026-06-15 18:29:35,208 [Worker-15: Download sources and javadoc] INFO  o.e.m.c.i.e.AbstractTransferListenerAdapter - Downloading https://repo.maven.apache.org/maven2/org/junit/jupiter/junit-jupiter-engine/6.1.0/junit-jupiter-engine-6.1.0-sources.jar
2026-06-15 18:29:36,301 [Worker-15: Download sources and javadoc] INFO  o.e.m.c.i.e.AbstractTransferListenerAdapter - Downloaded https://repo.maven.apache.org/maven2/org/junit/jupiter/junit-jupiter-engine/6.1.0/junit-jupiter-engine-6.1.0-sources.jar
2026-06-15 18:29:36,306 [Worker-15: Download sources and javadoc] INFO  o.e.m.j.internal.DownloadSourcesJob - Downloaded sources for org.junit.jupiter:junit-jupiter-engine:6.1.0
2026-06-15 18:29:36,582 [Worker-15: Download sources and javadoc] INFO  o.e.m.c.i.e.AbstractTransferListenerAdapter - Downloading https://repo.maven.apache.org/maven2/org/junit/platform/junit-platform-engine/6.1.0/junit-platform-engine-6.1.0-sources.jar
2026-06-15 18:29:37,149 [Worker-15: Download sources and javadoc] INFO  o.e.m.c.i.e.AbstractTransferListenerAdapter - Downloaded https://repo.maven.apache.org/maven2/org/junit/platform/junit-platform-engine/6.1.0/junit-platform-engine-6.1.0-sources.jar
2026-06-15 18:29:37,154 [Worker-15: Download sources and javadoc] INFO  o.e.m.j.internal.DownloadSourcesJob - Downloaded sources for org.junit.platform:junit-platform-engine:6.1.0
2026-06-15 18:30:32,107 [main] INFO  o.e.m2e.actions.ExecutePomAction - Creating new launch configuration
2026-06-15 18:30:38,814 [Worker-16: Launching demo04] INFO  o.eclipse.m2e.core.internal.Bundles - getClasspathEntries(Bundle=org.eclipse.m2e.maven.runtime_3.9.900.20250220-2013 [361])
2026-06-15 18:30:38,943 [Worker-15: Building] WARN  o.a.m.s.f.DefaultMavenResourcesFiltering - Using platform encoding (UTF-8 actually) to copy filtered resources, i.e. build is platform dependent!
2026-06-15 18:30:38,945 [Worker-15: Building] INFO  o.a.m.s.f.DefaultMavenResourcesFiltering - Copying 0 resource from src\main\resources to target\classes
2026-06-15 18:30:38,948 [Worker-15: Building] WARN  o.a.m.s.f.DefaultMavenResourcesFiltering - Using platform encoding (UTF-8 actually) to copy filtered resources, i.e. build is platform dependent!
2026-06-15 18:30:39,224 [Worker-15: Building] INFO  o.a.m.s.f.DefaultMavenResourcesFiltering - Copying 0 resource from src\test\resources to target\test-classes
2026-06-15 18:30:39,242 [Worker-16: Launching demo04] INFO  o.eclipse.m2e.core.internal.Bundles - 	Entry: D:\Springtool\sts-4.30.0.RELEASE\plugins\org.eclipse.m2e.maven.runtime_3.9.900.20250220-2013
2026-06-15 18:30:39,242 [Worker-16: Launching demo04] INFO  o.eclipse.m2e.core.internal.Bundles - 	Entry: D:\Springtool\sts-4.30.0.RELEASE\plugins\org.eclipse.m2e.maven.runtime_3.9.900.20250220-2013\jars\aopalliance-1.0.jar
2026-06-15 18:30:39,242 [Worker-16: Launching demo04] INFO  o.eclipse.m2e.core.internal.Bundles - 	Entry: D:\Springtool\sts-4.30.0.RELEASE\plugins\org.eclipse.m2e.maven.runtime_3.9.900.20250220-2013\jars\guice-5.1.0.jar
2026-06-15 18:30:39,242 [Worker-16: Launching demo04] INFO  o.eclipse.m2e.core.internal.Bundles - 	Entry: D:\Springtool\sts-4.30.0.RELEASE\plugins\org.eclipse.m2e.maven.runtime_3.9.900.20250220-2013\jars\httpclient-4.5.14.jar
2026-06-15 18:30:39,243 [Worker-16: Launching demo04] INFO  o.eclipse.m2e.core.internal.Bundles - 	Entry: D:\Springtool\sts-4.30.0.RELEASE\plugins\org.eclipse.m2e.maven.runtime_3.9.900.20250220-2013\jars\httpcore-4.4.16.jar
2026-06-15 18:30:39,243 [Worker-16: Launching demo04] INFO  o.eclipse.m2e.core.internal.Bundles - 	Entry: D:\Springtool\sts-4.30.0.RELEASE\plugins\org.eclipse.m2e.maven.runtime_3.9.900.20250220-2013\jars\jansi-2.4.1.jar
2026-06-15 18:30:39,243 [Worker-16: Launching demo04] INFO  o.eclipse.m2e.core.internal.Bundles - 	Entry: D:\Springtool\sts-4.30.0.RELEASE\plugins\org.eclipse.m2e.maven.runtime_3.9.900.20250220-2013\jars\jcl-over-slf4j-1.7.36.jar
2026-06-15 18:30:39,243 [Worker-16: Launching demo04] INFO  o.eclipse.m2e.core.internal.Bundles - 	Entry: D:\Springtool\sts-4.30.0.RELEASE\plugins\org.eclipse.m2e.maven.runtime_3.9.900.20250220-2013\jars\maven-artifact-3.9.9.jar
2026-06-15 18:30:39,243 [Worker-16: Launching demo04] INFO  o.eclipse.m2e.core.internal.Bundles - 	Entry: D:\Springtool\sts-4.30.0.RELEASE\plugins\org.eclipse.m2e.maven.runtime_3.9.900.20250220-2013\jars\maven-builder-support-3.9.9.jar
2026-06-15 18:30:39,243 [Worker-16: Launching demo04] INFO  o.eclipse.m2e.core.internal.Bundles - 	Entry: D:\Springtool\sts-4.30.0.RELEASE\plugins\org.eclipse.m2e.maven.runtime_3.9.900.20250220-2013\jars\maven-compat-3.9.9.jar
2026-06-15 18:30:39,243 [Worker-16: Launching demo04] INFO  o.eclipse.m2e.core.internal.Bundles - 	Entry: D:\Springtool\sts-4.30.0.RELEASE\plugins\org.eclipse.m2e.maven.runtime_3.9.900.20250220-2013\jars\maven-core-3.9.9.jar
2026-06-15 18:30:39,243 [Worker-16: Launching demo04] INFO  o.eclipse.m2e.core.internal.Bundles - 	Entry: D:\Springtool\sts-4.30.0.RELEASE\plugins\org.eclipse.m2e.maven.runtime_3.9.900.20250220-2013\jars\maven-embedder-3.9.9.jar
2026-06-15 18:30:39,243 [Worker-16: Launching demo04] INFO  o.eclipse.m2e.core.internal.Bundles - 	Entry: D:\Springtool\sts-4.30.0.RELEASE\plugins\org.eclipse.m2e.maven.runtime_3.9.900.20250220-2013\jars\maven-model-3.9.9.jar
2026-06-15 18:30:39,243 [Worker-16: Launching demo04] INFO  o.eclipse.m2e.core.internal.Bundles - 	Entry: D:\Springtool\sts-4.30.0.RELEASE\plugins\org.eclipse.m2e.maven.runtime_3.9.900.20250220-2013\jars\maven-model-builder-3.9.9.jar
2026-06-15 18:30:39,243 [Worker-16: Launching demo04] INFO  o.eclipse.m2e.core.internal.Bundles - 	Entry: D:\Springtool\sts-4.30.0.RELEASE\plugins\org.eclipse.m2e.maven.runtime_3.9.900.20250220-2013\jars\maven-plugin-api-3.9.9.jar
2026-06-15 18:30:39,243 [Worker-16: Launching demo04] INFO  o.eclipse.m2e.core.internal.Bundles - 	Entry: D:\Springtool\sts-4.30.0.RELEASE\plugins\org.eclipse.m2e.maven.runtime_3.9.900.20250220-2013\jars\maven-repository-metadata-3.9.9.jar
2026-06-15 18:30:39,243 [Worker-16: Launching demo04] INFO  o.eclipse.m2e.core.internal.Bundles - 	Entry: D:\Springtool\sts-4.30.0.RELEASE\plugins\org.eclipse.m2e.maven.runtime_3.9.900.20250220-2013\jars\maven-resolver-api-1.9.22.jar
2026-06-15 18:30:39,243 [Worker-16: Launching demo04] INFO  o.eclipse.m2e.core.internal.Bundles - 	Entry: D:\Springtool\sts-4.30.0.RELEASE\plugins\org.eclipse.m2e.maven.runtime_3.9.900.20250220-2013\jars\maven-resolver-connector-basic-1.9.22.jar
2026-06-15 18:30:39,243 [Worker-16: Launching demo04] INFO  o.eclipse.m2e.core.internal.Bundles - 	Entry: D:\Springtool\sts-4.30.0.RELEASE\plugins\org.eclipse.m2e.maven.runtime_3.9.900.20250220-2013\jars\maven-resolver-impl-1.9.22.jar
2026-06-15 18:30:39,243 [Worker-16: Launching demo04] INFO  o.eclipse.m2e.core.internal.Bundles - 	Entry: D:\Springtool\sts-4.30.0.RELEASE\plugins\org.eclipse.m2e.maven.runtime_3.9.900.20250220-2013\jars\maven-resolver-named-locks-1.9.22.jar
2026-06-15 18:30:39,243 [Worker-16: Launching demo04] INFO  o.eclipse.m2e.core.internal.Bundles - 	Entry: D:\Springtool\sts-4.30.0.RELEASE\plugins\org.eclipse.m2e.maven.runtime_3.9.900.20250220-2013\jars\maven-resolver-provider-3.9.9.jar
2026-06-15 18:30:39,244 [Worker-16: Launching demo04] INFO  o.eclipse.m2e.core.internal.Bundles - 	Entry: D:\Springtool\sts-4.30.0.RELEASE\plugins\org.eclipse.m2e.maven.runtime_3.9.900.20250220-2013\jars\maven-resolver-spi-1.9.22.jar
2026-06-15 18:30:39,244 [Worker-16: Launching demo04] INFO  o.eclipse.m2e.core.internal.Bundles - 	Entry: D:\Springtool\sts-4.30.0.RELEASE\plugins\org.eclipse.m2e.maven.runtime_3.9.900.20250220-2013\jars\maven-resolver-transport-file-1.9.22.jar
2026-06-15 18:30:39,244 [Worker-16: Launching demo04] INFO  o.eclipse.m2e.core.internal.Bundles - 	Entry: D:\Springtool\sts-4.30.0.RELEASE\plugins\org.eclipse.m2e.maven.runtime_3.9.900.20250220-2013\jars\maven-resolver-transport-http-1.9.22.jar
2026-06-15 18:30:39,244 [Worker-16: Launching demo04] INFO  o.eclipse.m2e.core.internal.Bundles - 	Entry: D:\Springtool\sts-4.30.0.RELEASE\plugins\org.eclipse.m2e.maven.runtime_3.9.900.20250220-2013\jars\maven-resolver-transport-wagon-1.9.22.jar
2026-06-15 18:30:39,244 [Worker-16: Launching demo04] INFO  o.eclipse.m2e.core.internal.Bundles - 	Entry: D:\Springtool\sts-4.30.0.RELEASE\plugins\org.eclipse.m2e.maven.runtime_3.9.900.20250220-2013\jars\maven-resolver-util-1.9.22.jar
2026-06-15 18:30:39,244 [Worker-16: Launching demo04] INFO  o.eclipse.m2e.core.internal.Bundles - 	Entry: D:\Springtool\sts-4.30.0.RELEASE\plugins\org.eclipse.m2e.maven.runtime_3.9.900.20250220-2013\jars\maven-settings-3.9.9.jar
2026-06-15 18:30:39,244 [Worker-16: Launching demo04] INFO  o.eclipse.m2e.core.internal.Bundles - 	Entry: D:\Springtool\sts-4.30.0.RELEASE\plugins\org.eclipse.m2e.maven.runtime_3.9.900.20250220-2013\jars\maven-settings-builder-3.9.9.jar
2026-06-15 18:30:39,244 [Worker-16: Launching demo04] INFO  o.eclipse.m2e.core.internal.Bundles - 	Entry: D:\Springtool\sts-4.30.0.RELEASE\plugins\org.eclipse.m2e.maven.runtime_3.9.900.20250220-2013\jars\maven-shared-utils-3.4.2.jar
2026-06-15 18:30:39,244 [Worker-16: Launching demo04] INFO  o.eclipse.m2e.core.internal.Bundles - 	Entry: D:\Springtool\sts-4.30.0.RELEASE\plugins\org.eclipse.m2e.maven.runtime_3.9.900.20250220-2013\jars\org.eclipse.sisu.inject-0.9.0.M3.jar
2026-06-15 18:30:39,244 [Worker-16: Launching demo04] INFO  o.eclipse.m2e.core.internal.Bundles - 	Entry: D:\Springtool\sts-4.30.0.RELEASE\plugins\org.eclipse.m2e.maven.runtime_3.9.900.20250220-2013\jars\org.eclipse.sisu.plexus-0.9.0.M3.jar
2026-06-15 18:30:39,245 [Worker-16: Launching demo04] INFO  o.eclipse.m2e.core.internal.Bundles - 	Entry: D:\Springtool\sts-4.30.0.RELEASE\plugins\org.eclipse.m2e.maven.runtime_3.9.900.20250220-2013\jars\plexus-build-api-0.0.7.jar
2026-06-15 18:30:39,245 [Worker-16: Launching demo04] INFO  o.eclipse.m2e.core.internal.Bundles - 	Entry: D:\Springtool\sts-4.30.0.RELEASE\plugins\org.eclipse.m2e.maven.runtime_3.9.900.20250220-2013\jars\plexus-build-api-1.2.0.jar
2026-06-15 18:30:39,245 [Worker-16: Launching demo04] INFO  o.eclipse.m2e.core.internal.Bundles - 	Entry: D:\Springtool\sts-4.30.0.RELEASE\plugins\org.eclipse.m2e.maven.runtime_3.9.900.20250220-2013\jars\plexus-cipher-2.0.jar
2026-06-15 18:30:39,245 [Worker-16: Launching demo04] INFO  o.eclipse.m2e.core.internal.Bundles - 	Entry: D:\Springtool\sts-4.30.0.RELEASE\plugins\org.eclipse.m2e.maven.runtime_3.9.900.20250220-2013\jars\plexus-classworlds-2.8.0.jar
2026-06-15 18:30:39,245 [Worker-16: Launching demo04] INFO  o.eclipse.m2e.core.internal.Bundles - 	Entry: D:\Springtool\sts-4.30.0.RELEASE\plugins\org.eclipse.m2e.maven.runtime_3.9.900.20250220-2013\jars\plexus-component-annotations-2.1.0.jar
2026-06-15 18:30:39,245 [Worker-16: Launching demo04] INFO  o.eclipse.m2e.core.internal.Bundles - 	Entry: D:\Springtool\sts-4.30.0.RELEASE\plugins\org.eclipse.m2e.maven.runtime_3.9.900.20250220-2013\jars\plexus-interpolation-1.27.jar
2026-06-15 18:30:39,245 [Worker-16: Launching demo04] INFO  o.eclipse.m2e.core.internal.Bundles - 	Entry: D:\Springtool\sts-4.30.0.RELEASE\plugins\org.eclipse.m2e.maven.runtime_3.9.900.20250220-2013\jars\plexus-sec-dispatcher-2.0.jar
2026-06-15 18:30:39,245 [Worker-16: Launching demo04] INFO  o.eclipse.m2e.core.internal.Bundles - 	Entry: D:\Springtool\sts-4.30.0.RELEASE\plugins\org.eclipse.m2e.maven.runtime_3.9.900.20250220-2013\jars\plexus-utils-3.5.1.jar
2026-06-15 18:30:39,245 [Worker-16: Launching demo04] INFO  o.eclipse.m2e.core.internal.Bundles - 	Entry: D:\Springtool\sts-4.30.0.RELEASE\plugins\org.eclipse.m2e.maven.runtime_3.9.900.20250220-2013\jars\plexus-xml-3.0.1.jar
2026-06-15 18:30:39,245 [Worker-16: Launching demo04] INFO  o.eclipse.m2e.core.internal.Bundles - 	Entry: D:\Springtool\sts-4.30.0.RELEASE\plugins\org.eclipse.m2e.maven.runtime_3.9.900.20250220-2013\jars\wagon-file-3.5.3.jar
2026-06-15 18:30:39,245 [Worker-16: Launching demo04] INFO  o.eclipse.m2e.core.internal.Bundles - 	Entry: D:\Springtool\sts-4.30.0.RELEASE\plugins\org.eclipse.m2e.maven.runtime_3.9.900.20250220-2013\jars\wagon-http-3.5.3.jar
2026-06-15 18:30:39,245 [Worker-16: Launching demo04] INFO  o.eclipse.m2e.core.internal.Bundles - 	Entry: D:\Springtool\sts-4.30.0.RELEASE\plugins\org.eclipse.m2e.maven.runtime_3.9.900.20250220-2013\jars\wagon-http-shared-3.5.3.jar
2026-06-15 18:30:39,245 [Worker-16: Launching demo04] INFO  o.eclipse.m2e.core.internal.Bundles - 	Entry: D:\Springtool\sts-4.30.0.RELEASE\plugins\org.eclipse.m2e.maven.runtime_3.9.900.20250220-2013\jars\wagon-provider-api-3.5.3.jar
2026-06-15 18:30:39,246 [Worker-16: Launching demo04] INFO  o.eclipse.m2e.core.internal.Bundles - getClasspathEntries(Bundle=com.google.guava_33.4.0.jre [29])
2026-06-15 18:30:39,307 [Worker-16: Launching demo04] INFO  o.eclipse.m2e.core.internal.Bundles - 	Entry: D:\Springtool\sts-4.30.0.RELEASE\plugins\com.google.guava_33.4.0.jre.jar
2026-06-15 18:30:39,307 [Worker-16: Launching demo04] INFO  o.eclipse.m2e.core.internal.Bundles - getClasspathEntries(Bundle=slf4j.api_2.0.17 [608])
2026-06-15 18:30:39,309 [Worker-16: Launching demo04] INFO  o.eclipse.m2e.core.internal.Bundles - 	Entry: D:\Springtool\sts-4.30.0.RELEASE\plugins\slf4j.api_2.0.17.jar
2026-06-15 18:30:39,309 [Worker-16: Launching demo04] INFO  o.eclipse.m2e.core.internal.Bundles - getClasspathEntries(Bundle=javax.inject_1.0.0.v20220405-0441 [759])
2026-06-15 18:30:39,310 [Worker-16: Launching demo04] INFO  o.eclipse.m2e.core.internal.Bundles - 	Entry: D:\Springtool\sts-4.30.0.RELEASE\plugins\javax.inject_1.0.0.v20220405-0441.jar
2026-06-15 18:30:39,310 [Worker-16: Launching demo04] INFO  o.eclipse.m2e.core.internal.Bundles - getClasspathEntries(Bundle=javax.annotation_1.3.5.v20230504-0748 [758])
2026-06-15 18:30:39,310 [Worker-16: Launching demo04] INFO  o.eclipse.m2e.core.internal.Bundles - 	Entry: D:\Springtool\sts-4.30.0.RELEASE\plugins\javax.annotation_1.3.5.v20230504-0748.jar
2026-06-15 18:30:39,310 [Worker-16: Launching demo04] INFO  o.eclipse.m2e.core.internal.Bundles - getClasspathEntries(Bundle=org.apache.commons.cli_1.9.0 [77])
2026-06-15 18:30:39,311 [Worker-16: Launching demo04] INFO  o.eclipse.m2e.core.internal.Bundles - 	Entry: D:\Springtool\sts-4.30.0.RELEASE\plugins\org.apache.commons.cli_1.9.0.jar
2026-06-15 18:30:39,311 [Worker-16: Launching demo04] INFO  o.eclipse.m2e.core.internal.Bundles - getClasspathEntries(Bundle=org.apache.commons.commons-codec_1.16.0 [79])
2026-06-15 18:30:39,311 [Worker-16: Launching demo04] INFO  o.eclipse.m2e.core.internal.Bundles - 	Entry: D:\Springtool\sts-4.30.0.RELEASE\plugins\org.apache.commons.commons-codec_1.16.0.jar
2026-06-15 18:30:39,311 [Worker-16: Launching demo04] INFO  o.eclipse.m2e.core.internal.Bundles - getClasspathEntries(Bundle=com.google.guava.failureaccess_1.0.2 [30])
2026-06-15 18:30:39,312 [Worker-16: Launching demo04] INFO  o.eclipse.m2e.core.internal.Bundles - 	Entry: D:\Springtool\sts-4.30.0.RELEASE\plugins\com.google.guava.failureaccess_1.0.2.jar
2026-06-15 18:30:39,315 [Worker-16: Launching demo04] INFO  o.e.m.i.launch.MavenLaunchDelegate - Run build in "E:\osc_sdm\Day07\demo04":
2026-06-15 18:30:39,316 [Worker-16: Launching demo04] INFO  o.e.m.i.launch.MavenLaunchDelegate -  mvn  -B -Dstyle.color=always 
2026-06-15 18:32:40,038 [Worker-8: Building] WARN  o.a.m.s.f.DefaultMavenResourcesFiltering - Using platform encoding (UTF-8 actually) to copy filtered resources, i.e. build is platform dependent!
2026-06-15 18:32:40,040 [Worker-8: Building] INFO  o.a.m.s.f.DefaultMavenResourcesFiltering - Copying 0 resource from src\main\resources to target\classes
2026-06-15 18:32:40,044 [Worker-8: Building] WARN  o.a.m.s.f.DefaultMavenResourcesFiltering - Using platform encoding (UTF-8 actually) to copy filtered resources, i.e. build is platform dependent!
2026-06-15 18:32:40,103 [Worker-8: Building] INFO  o.a.m.s.f.DefaultMavenResourcesFiltering - Copying 0 resource from src\test\resources to target\test-classes
2026-06-15 18:32:54,274 [Worker-15: Building] WARN  o.a.m.s.f.DefaultMavenResourcesFiltering - Using platform encoding (UTF-8 actually) to copy filtered resources, i.e. build is platform dependent!
2026-06-15 18:32:54,275 [Worker-15: Building] INFO  o.a.m.s.f.DefaultMavenResourcesFiltering - Copying 0 resource from src\main\resources to target\classes
2026-06-15 18:32:54,277 [Worker-15: Building] WARN  o.a.m.s.f.DefaultMavenResourcesFiltering - Using platform encoding (UTF-8 actually) to copy filtered resources, i.e. build is platform dependent!
2026-06-15 18:32:54,279 [Worker-15: Building] INFO  o.a.m.s.f.DefaultMavenResourcesFiltering - Copying 0 resource from src\test\resources to target\test-classes
2026-06-15 18:32:57,090 [Worker-1: Building] WARN  o.a.m.s.f.DefaultMavenResourcesFiltering - Using platform encoding (UTF-8 actually) to copy filtered resources, i.e. build is platform dependent!
2026-06-15 18:32:57,091 [Worker-1: Building] INFO  o.a.m.s.f.DefaultMavenResourcesFiltering - Copying 0 resource from src\main\resources to target\classes
2026-06-15 18:32:57,093 [Worker-1: Building] WARN  o.a.m.s.f.DefaultMavenResourcesFiltering - Using platform encoding (UTF-8 actually) to copy filtered resources, i.e. build is platform dependent!
2026-06-15 18:32:57,094 [Worker-1: Building] INFO  o.a.m.s.f.DefaultMavenResourcesFiltering - Copying 0 resource from src\test\resources to target\test-classes
2026-06-15 18:34:04,640 [Worker-17: Building] WARN  o.a.m.s.f.DefaultMavenResourcesFiltering - Using platform encoding (UTF-8 actually) to copy filtered resources, i.e. build is platform dependent!
2026-06-15 18:34:04,642 [Worker-17: Building] INFO  o.a.m.s.f.DefaultMavenResourcesFiltering - Copying 0 resource from src\main\resources to target\classes
2026-06-15 18:34:04,644 [Worker-17: Building] WARN  o.a.m.s.f.DefaultMavenResourcesFiltering - Using platform encoding (UTF-8 actually) to copy filtered resources, i.e. build is platform dependent!
2026-06-15 18:34:04,646 [Worker-17: Building] INFO  o.a.m.s.f.DefaultMavenResourcesFiltering - Copying 0 resource from src\test\resources to target\test-classes
2026-06-15 18:52:06,230 [Worker-8: Building] WARN  o.a.m.s.f.DefaultMavenResourcesFiltering - Using platform encoding (UTF-8 actually) to copy filtered resources, i.e. build is platform dependent!
2026-06-15 18:52:06,235 [Worker-8: Building] INFO  o.a.m.s.f.DefaultMavenResourcesFiltering - Copying 0 resource from src\main\resources to target\classes
2026-06-15 18:52:06,237 [Worker-8: Building] WARN  o.a.m.s.f.DefaultMavenResourcesFiltering - Using platform encoding (UTF-8 actually) to copy filtered resources, i.e. build is platform dependent!
2026-06-15 18:52:06,264 [Worker-8: Building] INFO  o.a.m.s.f.DefaultMavenResourcesFiltering - Copying 0 resource from src\test\resources to target\test-classes
2026-06-15 18:52:51,302 [main] INFO  o.e.m.jdt.internal.UnitTestSupport - Updating Selenium_JUint from maven configuration
2026-06-15 18:52:51,543 [main] INFO  o.e.m.c.i.e.AbstractTransferListenerAdapter - Downloading https://repo.maven.apache.org/maven2/org/apache/maven/surefire/maven-surefire-common/3.2.5/maven-surefire-common-3.2.5.pom
2026-06-15 18:52:51,596 [main] INFO  o.e.m.c.i.e.AbstractTransferListenerAdapter - Downloaded https://repo.maven.apache.org/maven2/org/apache/maven/surefire/maven-surefire-common/3.2.5/maven-surefire-common-3.2.5.pom
2026-06-15 18:52:51,748 [main] INFO  o.e.m.c.i.e.AbstractTransferListenerAdapter - Downloading https://repo.maven.apache.org/maven2/org/apache/maven/surefire/surefire-api/3.2.5/surefire-api-3.2.5.pom
2026-06-15 18:52:51,787 [main] INFO  o.e.m.c.i.e.AbstractTransferListenerAdapter - Downloaded https://repo.maven.apache.org/maven2/org/apache/maven/surefire/surefire-api/3.2.5/surefire-api-3.2.5.pom
2026-06-15 18:52:51,952 [main] INFO  o.e.m.c.i.e.AbstractTransferListenerAdapter - Downloading https://repo.maven.apache.org/maven2/org/apache/maven/surefire/surefire-logger-api/3.2.5/surefire-logger-api-3.2.5.pom
2026-06-15 18:52:51,994 [main] INFO  o.e.m.c.i.e.AbstractTransferListenerAdapter - Downloaded https://repo.maven.apache.org/maven2/org/apache/maven/surefire/surefire-logger-api/3.2.5/surefire-logger-api-3.2.5.pom
2026-06-15 18:52:52,157 [main] INFO  o.e.m.c.i.e.AbstractTransferListenerAdapter - Downloading https://repo.maven.apache.org/maven2/org/apache/maven/surefire/surefire-shared-utils/3.2.5/surefire-shared-utils-3.2.5.pom
2026-06-15 18:52:52,187 [main] INFO  o.e.m.c.i.e.AbstractTransferListenerAdapter - Downloaded https://repo.maven.apache.org/maven2/org/apache/maven/surefire/surefire-shared-utils/3.2.5/surefire-shared-utils-3.2.5.pom
2026-06-15 18:52:52,362 [main] INFO  o.e.m.c.i.e.AbstractTransferListenerAdapter - Downloading https://repo.maven.apache.org/maven2/org/apache/maven/surefire/surefire-extensions-api/3.2.5/surefire-extensions-api-3.2.5.pom
2026-06-15 18:52:52,391 [main] INFO  o.e.m.c.i.e.AbstractTransferListenerAdapter - Downloaded https://repo.maven.apache.org/maven2/org/apache/maven/surefire/surefire-extensions-api/3.2.5/surefire-extensions-api-3.2.5.pom
2026-06-15 18:52:52,567 [main] INFO  o.e.m.c.i.e.AbstractTransferListenerAdapter - Downloading https://repo.maven.apache.org/maven2/org/apache/maven/surefire/surefire-booter/3.2.5/surefire-booter-3.2.5.pom
2026-06-15 18:52:52,609 [main] INFO  o.e.m.c.i.e.AbstractTransferListenerAdapter - Downloaded https://repo.maven.apache.org/maven2/org/apache/maven/surefire/surefire-booter/3.2.5/surefire-booter-3.2.5.pom
2026-06-15 18:52:52,772 [main] INFO  o.e.m.c.i.e.AbstractTransferListenerAdapter - Downloading https://repo.maven.apache.org/maven2/org/apache/maven/surefire/surefire-extensions-spi/3.2.5/surefire-extensions-spi-3.2.5.pom
2026-06-15 18:52:52,806 [main] INFO  o.e.m.c.i.e.AbstractTransferListenerAdapter - Downloaded https://repo.maven.apache.org/maven2/org/apache/maven/surefire/surefire-extensions-spi/3.2.5/surefire-extensions-spi-3.2.5.pom
2026-06-15 18:52:52,977 [main] INFO  o.e.m.c.i.e.AbstractTransferListenerAdapter - Downloading https://repo.maven.apache.org/maven2/org/eclipse/aether/aether-util/1.0.0.v20140518/aether-util-1.0.0.v20140518.pom
2026-06-15 18:52:53,012 [main] INFO  o.e.m.c.i.e.AbstractTransferListenerAdapter - Downloaded https://repo.maven.apache.org/maven2/org/eclipse/aether/aether-util/1.0.0.v20140518/aether-util-1.0.0.v20140518.pom
2026-06-15 18:52:53,182 [main] INFO  o.e.m.c.i.e.AbstractTransferListenerAdapter - Downloading https://repo.maven.apache.org/maven2/org/eclipse/aether/aether/1.0.0.v20140518/aether-1.0.0.v20140518.pom
2026-06-15 18:52:53,225 [main] INFO  o.e.m.c.i.e.AbstractTransferListenerAdapter - Downloaded https://repo.maven.apache.org/maven2/org/eclipse/aether/aether/1.0.0.v20140518/aether-1.0.0.v20140518.pom
2026-06-15 18:52:53,386 [main] INFO  o.e.m.c.i.e.AbstractTransferListenerAdapter - Downloading https://repo.maven.apache.org/maven2/org/eclipse/aether/aether-api/1.0.0.v20140518/aether-api-1.0.0.v20140518.pom
2026-06-15 18:52:53,425 [main] INFO  o.e.m.c.i.e.AbstractTransferListenerAdapter - Downloaded https://repo.maven.apache.org/maven2/org/eclipse/aether/aether-api/1.0.0.v20140518/aether-api-1.0.0.v20140518.pom
2026-06-15 18:52:53,588 [main] INFO  o.e.m.c.i.e.AbstractTransferListenerAdapter - Downloading https://repo.maven.apache.org/maven2/org/apache/maven/shared/maven-common-artifact-filters/3.1.1/maven-common-artifact-filters-3.1.1.pom
2026-06-15 18:52:53,613 [main] INFO  o.e.m.c.i.e.AbstractTransferListenerAdapter - Downloaded https://repo.maven.apache.org/maven2/org/apache/maven/shared/maven-common-artifact-filters/3.1.1/maven-common-artifact-filters-3.1.1.pom
2026-06-15 18:52:53,795 [main] INFO  o.e.m.c.i.e.AbstractTransferListenerAdapter - Downloading https://repo.maven.apache.org/maven2/org/apache/maven/shared/maven-shared-components/34/maven-shared-components-34.pom
2026-06-15 18:52:53,829 [main] INFO  o.e.m.c.i.e.AbstractTransferListenerAdapter - Downloaded https://repo.maven.apache.org/maven2/org/apache/maven/shared/maven-shared-components/34/maven-shared-components-34.pom
2026-06-15 18:52:53,999 [main] INFO  o.e.m.c.i.e.AbstractTransferListenerAdapter - Downloading https://repo.maven.apache.org/maven2/org/apache/maven/maven-parent/34/maven-parent-34.pom
2026-06-15 18:52:54,297 [main] INFO  o.e.m.c.i.e.AbstractTransferListenerAdapter - Downloaded https://repo.maven.apache.org/maven2/org/apache/maven/maven-parent/34/maven-parent-34.pom
2026-06-15 18:52:54,513 [main] INFO  o.e.m.c.i.e.AbstractTransferListenerAdapter - Downloading https://repo.maven.apache.org/maven2/org/apache/maven/maven-artifact/3.2.5/maven-artifact-3.2.5.pom
2026-06-15 18:52:54,547 [main] INFO  o.e.m.c.i.e.AbstractTransferListenerAdapter - Downloaded https://repo.maven.apache.org/maven2/org/apache/maven/maven-artifact/3.2.5/maven-artifact-3.2.5.pom
2026-06-15 18:52:54,821 [main] INFO  o.e.m.c.i.e.AbstractTransferListenerAdapter - Downloading https://repo.maven.apache.org/maven2/org/apache/maven/maven/3.2.5/maven-3.2.5.pom
2026-06-15 18:52:54,857 [main] INFO  o.e.m.c.i.e.AbstractTransferListenerAdapter - Downloaded https://repo.maven.apache.org/maven2/org/apache/maven/maven/3.2.5/maven-3.2.5.pom
2026-06-15 18:52:55,024 [main] INFO  o.e.m.c.i.e.AbstractTransferListenerAdapter - Downloading https://repo.maven.apache.org/maven2/org/apache/maven/maven-parent/25/maven-parent-25.pom
2026-06-15 18:52:55,054 [main] INFO  o.e.m.c.i.e.AbstractTransferListenerAdapter - Downloaded https://repo.maven.apache.org/maven2/org/apache/maven/maven-parent/25/maven-parent-25.pom
2026-06-15 18:52:55,231 [main] INFO  o.e.m.c.i.e.AbstractTransferListenerAdapter - Downloading https://repo.maven.apache.org/maven2/org/apache/apache/15/apache-15.pom
2026-06-15 18:52:55,274 [main] INFO  o.e.m.c.i.e.AbstractTransferListenerAdapter - Downloaded https://repo.maven.apache.org/maven2/org/apache/apache/15/apache-15.pom
2026-06-15 18:52:55,434 [main] INFO  o.e.m.c.i.e.AbstractTransferListenerAdapter - Downloading https://repo.maven.apache.org/maven2/org/apache/maven/maven-core/3.2.5/maven-core-3.2.5.pom
2026-06-15 18:52:55,469 [main] INFO  o.e.m.c.i.e.AbstractTransferListenerAdapter - Downloaded https://repo.maven.apache.org/maven2/org/apache/maven/maven-core/3.2.5/maven-core-3.2.5.pom
2026-06-15 18:52:55,564 [main] INFO  o.e.m.c.i.e.AbstractTransferListenerAdapter - Downloading https://repo.maven.apache.org/maven2/org/apache/maven/maven-settings/3.2.5/maven-settings-3.2.5.pom
2026-06-15 18:52:55,602 [main] INFO  o.e.m.c.i.e.AbstractTransferListenerAdapter - Downloaded https://repo.maven.apache.org/maven2/org/apache/maven/maven-settings/3.2.5/maven-settings-3.2.5.pom
2026-06-15 18:52:55,744 [main] INFO  o.e.m.c.i.e.AbstractTransferListenerAdapter - Downloading https://repo.maven.apache.org/maven2/org/apache/maven/maven-settings-builder/3.2.5/maven-settings-builder-3.2.5.pom
2026-06-15 18:52:55,776 [main] INFO  o.e.m.c.i.e.AbstractTransferListenerAdapter - Downloaded https://repo.maven.apache.org/maven2/org/apache/maven/maven-settings-builder/3.2.5/maven-settings-builder-3.2.5.pom
2026-06-15 18:52:55,945 [main] INFO  o.e.m.c.i.e.AbstractTransferListenerAdapter - Downloading https://repo.maven.apache.org/maven2/org/codehaus/plexus/plexus-interpolation/1.21/plexus-interpolation-1.21.pom
2026-06-15 18:52:55,982 [main] INFO  o.e.m.c.i.e.AbstractTransferListenerAdapter - Downloaded https://repo.maven.apache.org/maven2/org/codehaus/plexus/plexus-interpolation/1.21/plexus-interpolation-1.21.pom
2026-06-15 18:52:56,079 [main] INFO  o.e.m.c.i.e.AbstractTransferListenerAdapter - Downloading https://repo.maven.apache.org/maven2/org/codehaus/plexus/plexus-components/1.3.1/plexus-components-1.3.1.pom
2026-06-15 18:52:56,107 [main] INFO  o.e.m.c.i.e.AbstractTransferListenerAdapter - Downloaded https://repo.maven.apache.org/maven2/org/codehaus/plexus/plexus-components/1.3.1/plexus-components-1.3.1.pom
2026-06-15 18:52:56,200 [main] INFO  o.e.m.c.i.e.AbstractTransferListenerAdapter - Downloading https://repo.maven.apache.org/maven2/org/codehaus/plexus/plexus-component-annotations/1.5.5/plexus-component-annotations-1.5.5.pom
2026-06-15 18:52:56,220 [main] INFO  o.e.m.c.i.e.AbstractTransferListenerAdapter - Downloaded https://repo.maven.apache.org/maven2/org/codehaus/plexus/plexus-component-annotations/1.5.5/plexus-component-annotations-1.5.5.pom
2026-06-15 18:52:56,268 [main] INFO  o.e.m.c.i.e.AbstractTransferListenerAdapter - Downloading https://repo.maven.apache.org/maven2/org/codehaus/plexus/plexus-containers/1.5.5/plexus-containers-1.5.5.pom
2026-06-15 18:52:56,297 [main] INFO  o.e.m.c.i.e.AbstractTransferListenerAdapter - Downloaded https://repo.maven.apache.org/maven2/org/codehaus/plexus/plexus-containers/1.5.5/plexus-containers-1.5.5.pom
2026-06-15 18:52:56,456 [main] INFO  o.e.m.c.i.e.AbstractTransferListenerAdapter - Downloading https://repo.maven.apache.org/maven2/org/apache/maven/maven-repository-metadata/3.2.5/maven-repository-metadata-3.2.5.pom
2026-06-15 18:52:56,479 [main] INFO  o.e.m.c.i.e.AbstractTransferListenerAdapter - Downloaded https://repo.maven.apache.org/maven2/org/apache/maven/maven-repository-metadata/3.2.5/maven-repository-metadata-3.2.5.pom
2026-06-15 18:52:56,518 [main] INFO  o.e.m.c.i.e.AbstractTransferListenerAdapter - Downloading https://repo.maven.apache.org/maven2/org/apache/maven/maven-plugin-api/3.2.5/maven-plugin-api-3.2.5.pom
2026-06-15 18:52:56,547 [main] INFO  o.e.m.c.i.e.AbstractTransferListenerAdapter - Downloaded https://repo.maven.apache.org/maven2/org/apache/maven/maven-plugin-api/3.2.5/maven-plugin-api-3.2.5.pom
2026-06-15 18:52:56,587 [main] INFO  o.e.m.c.i.e.AbstractTransferListenerAdapter - Downloading https://repo.maven.apache.org/maven2/org/eclipse/sisu/org.eclipse.sisu.plexus/0.9.0.M2/org.eclipse.sisu.plexus-0.9.0.M2.pom
2026-06-15 18:52:56,613 [main] INFO  o.e.m.c.i.e.AbstractTransferListenerAdapter - Downloaded https://repo.maven.apache.org/maven2/org/eclipse/sisu/org.eclipse.sisu.plexus/0.9.0.M2/org.eclipse.sisu.plexus-0.9.0.M2.pom
2026-06-15 18:52:56,662 [main] INFO  o.e.m.c.i.e.AbstractTransferListenerAdapter - Downloading https://repo.maven.apache.org/maven2/org/eclipse/sisu/sisu-plexus/0.9.0.M2/sisu-plexus-0.9.0.M2.pom
2026-06-15 18:52:56,699 [main] INFO  o.e.m.c.i.e.AbstractTransferListenerAdapter - Downloaded https://repo.maven.apache.org/maven2/org/eclipse/sisu/sisu-plexus/0.9.0.M2/sisu-plexus-0.9.0.M2.pom
2026-06-15 18:52:56,750 [main] INFO  o.e.m.c.i.e.AbstractTransferListenerAdapter - Downloading https://repo.maven.apache.org/maven2/javax/annotation/javax.annotation-api/1.2/javax.annotation-api-1.2.pom
2026-06-15 18:52:56,783 [main] INFO  o.e.m.c.i.e.AbstractTransferListenerAdapter - Downloaded https://repo.maven.apache.org/maven2/javax/annotation/javax.annotation-api/1.2/javax.annotation-api-1.2.pom
2026-06-15 18:52:56,850 [main] INFO  o.e.m.c.i.e.AbstractTransferListenerAdapter - Downloading https://repo.maven.apache.org/maven2/javax/enterprise/cdi-api/1.2/cdi-api-1.2.pom
2026-06-15 18:52:56,877 [main] INFO  o.e.m.c.i.e.AbstractTransferListenerAdapter - Downloaded https://repo.maven.apache.org/maven2/javax/enterprise/cdi-api/1.2/cdi-api-1.2.pom
2026-06-15 18:52:56,919 [main] INFO  o.e.m.c.i.e.AbstractTransferListenerAdapter - Downloading https://repo.maven.apache.org/maven2/org/jboss/weld/weld-parent/26/weld-parent-26.pom
2026-06-15 18:52:56,944 [main] INFO  o.e.m.c.i.e.AbstractTransferListenerAdapter - Downloaded https://repo.maven.apache.org/maven2/org/jboss/weld/weld-parent/26/weld-parent-26.pom
2026-06-15 18:52:56,992 [main] INFO  o.e.m.c.i.e.AbstractTransferListenerAdapter - Downloading https://repo.maven.apache.org/maven2/org/eclipse/sisu/org.eclipse.sisu.inject/0.9.0.M2/org.eclipse.sisu.inject-0.9.0.M2.pom
2026-06-15 18:52:57,018 [main] INFO  o.e.m.c.i.e.AbstractTransferListenerAdapter - Downloaded https://repo.maven.apache.org/maven2/org/eclipse/sisu/org.eclipse.sisu.inject/0.9.0.M2/org.eclipse.sisu.inject-0.9.0.M2.pom
2026-06-15 18:52:57,065 [main] INFO  o.e.m.c.i.e.AbstractTransferListenerAdapter - Downloading https://repo.maven.apache.org/maven2/org/eclipse/sisu/sisu-inject/0.9.0.M2/sisu-inject-0.9.0.M2.pom
2026-06-15 18:52:57,095 [main] INFO  o.e.m.c.i.e.AbstractTransferListenerAdapter - Downloaded https://repo.maven.apache.org/maven2/org/eclipse/sisu/sisu-inject/0.9.0.M2/sisu-inject-0.9.0.M2.pom
2026-06-15 18:52:57,143 [main] INFO  o.e.m.c.i.e.AbstractTransferListenerAdapter - Downloading https://repo.maven.apache.org/maven2/org/codehaus/plexus/plexus-component-annotations/2.1.0/plexus-component-annotations-2.1.0.pom
2026-06-15 18:52:57,164 [main] INFO  o.e.m.c.i.e.AbstractTransferListenerAdapter - Downloaded https://repo.maven.apache.org/maven2/org/codehaus/plexus/plexus-component-annotations/2.1.0/plexus-component-annotations-2.1.0.pom
2026-06-15 18:52:57,201 [main] INFO  o.e.m.c.i.e.AbstractTransferListenerAdapter - Downloading https://repo.maven.apache.org/maven2/org/codehaus/plexus/plexus-containers/2.1.0/plexus-containers-2.1.0.pom
2026-06-15 18:52:57,228 [main] INFO  o.e.m.c.i.e.AbstractTransferListenerAdapter - Downloaded https://repo.maven.apache.org/maven2/org/codehaus/plexus/plexus-containers/2.1.0/plexus-containers-2.1.0.pom
2026-06-15 18:52:57,271 [main] INFO  o.e.m.c.i.e.AbstractTransferListenerAdapter - Downloading https://repo.maven.apache.org/maven2/org/codehaus/plexus/plexus-classworlds/2.6.0/plexus-classworlds-2.6.0.pom
2026-06-15 18:52:57,293 [main] INFO  o.e.m.c.i.e.AbstractTransferListenerAdapter - Downloaded https://repo.maven.apache.org/maven2/org/codehaus/plexus/plexus-classworlds/2.6.0/plexus-classworlds-2.6.0.pom
2026-06-15 18:52:57,334 [main] INFO  o.e.m.c.i.e.AbstractTransferListenerAdapter - Downloading https://repo.maven.apache.org/maven2/org/apache/maven/maven-model-builder/3.2.5/maven-model-builder-3.2.5.pom
2026-06-15 18:52:57,364 [main] INFO  o.e.m.c.i.e.AbstractTransferListenerAdapter - Downloaded https://repo.maven.apache.org/maven2/org/apache/maven/maven-model-builder/3.2.5/maven-model-builder-3.2.5.pom
2026-06-15 18:52:57,405 [main] INFO  o.e.m.c.i.e.AbstractTransferListenerAdapter - Downloading https://repo.maven.apache.org/maven2/org/apache/maven/maven-aether-provider/3.2.5/maven-aether-provider-3.2.5.pom
2026-06-15 18:52:57,438 [main] INFO  o.e.m.c.i.e.AbstractTransferListenerAdapter - Downloaded https://repo.maven.apache.org/maven2/org/apache/maven/maven-aether-provider/3.2.5/maven-aether-provider-3.2.5.pom
2026-06-15 18:52:57,477 [main] INFO  o.e.m.c.i.e.AbstractTransferListenerAdapter - Downloading https://repo.maven.apache.org/maven2/org/eclipse/aether/aether-spi/1.0.0.v20140518/aether-spi-1.0.0.v20140518.pom
2026-06-15 18:52:57,504 [main] INFO  o.e.m.c.i.e.AbstractTransferListenerAdapter - Downloaded https://repo.maven.apache.org/maven2/org/eclipse/aether/aether-spi/1.0.0.v20140518/aether-spi-1.0.0.v20140518.pom
2026-06-15 18:52:57,546 [main] INFO  o.e.m.c.i.e.AbstractTransferListenerAdapter - Downloading https://repo.maven.apache.org/maven2/org/eclipse/aether/aether-impl/1.0.0.v20140518/aether-impl-1.0.0.v20140518.pom
2026-06-15 18:52:57,573 [main] INFO  o.e.m.c.i.e.AbstractTransferListenerAdapter - Downloaded https://repo.maven.apache.org/maven2/org/eclipse/aether/aether-impl/1.0.0.v20140518/aether-impl-1.0.0.v20140518.pom
2026-06-15 18:52:57,689 [main] INFO  o.e.m.c.i.e.AbstractTransferListenerAdapter - Downloading https://repo.maven.apache.org/maven2/org/sonatype/sisu/sisu-guice/3.2.3/sisu-guice-3.2.3.pom
2026-06-15 18:52:57,717 [main] INFO  o.e.m.c.i.e.AbstractTransferListenerAdapter - Downloaded https://repo.maven.apache.org/maven2/org/sonatype/sisu/sisu-guice/3.2.3/sisu-guice-3.2.3.pom
2026-06-15 18:52:57,768 [main] INFO  o.e.m.c.i.e.AbstractTransferListenerAdapter - Downloading https://repo.maven.apache.org/maven2/org/sonatype/sisu/inject/guice-parent/3.2.3/guice-parent-3.2.3.pom
2026-06-15 18:52:57,803 [main] INFO  o.e.m.c.i.e.AbstractTransferListenerAdapter - Downloaded https://repo.maven.apache.org/maven2/org/sonatype/sisu/inject/guice-parent/3.2.3/guice-parent-3.2.3.pom
2026-06-15 18:52:57,855 [main] INFO  o.e.m.c.i.e.AbstractTransferListenerAdapter - Downloading https://repo.maven.apache.org/maven2/org/sonatype/forge/forge-parent/38/forge-parent-38.pom
2026-06-15 18:52:57,884 [main] INFO  o.e.m.c.i.e.AbstractTransferListenerAdapter - Downloaded https://repo.maven.apache.org/maven2/org/sonatype/forge/forge-parent/38/forge-parent-38.pom
2026-06-15 18:52:57,934 [main] INFO  o.e.m.c.i.e.AbstractTransferListenerAdapter - Downloading https://repo.maven.apache.org/maven2/aopalliance/aopalliance/1.0/aopalliance-1.0.pom
2026-06-15 18:52:57,966 [main] INFO  o.e.m.c.i.e.AbstractTransferListenerAdapter - Downloaded https://repo.maven.apache.org/maven2/aopalliance/aopalliance/1.0/aopalliance-1.0.pom
2026-06-15 18:52:58,007 [main] INFO  o.e.m.c.i.e.AbstractTransferListenerAdapter - Downloading https://repo.maven.apache.org/maven2/com/google/guava/guava/16.0.1/guava-16.0.1.pom
2026-06-15 18:52:58,032 [main] INFO  o.e.m.c.i.e.AbstractTransferListenerAdapter - Downloaded https://repo.maven.apache.org/maven2/com/google/guava/guava/16.0.1/guava-16.0.1.pom
2026-06-15 18:52:58,075 [main] INFO  o.e.m.c.i.e.AbstractTransferListenerAdapter - Downloading https://repo.maven.apache.org/maven2/com/google/guava/guava-parent/16.0.1/guava-parent-16.0.1.pom
2026-06-15 18:52:58,102 [main] INFO  o.e.m.c.i.e.AbstractTransferListenerAdapter - Downloaded https://repo.maven.apache.org/maven2/com/google/guava/guava-parent/16.0.1/guava-parent-16.0.1.pom
2026-06-15 18:52:58,146 [main] INFO  o.e.m.c.i.e.AbstractTransferListenerAdapter - Downloading https://repo.maven.apache.org/maven2/org/codehaus/plexus/plexus-classworlds/2.5.2/plexus-classworlds-2.5.2.pom
2026-06-15 18:52:58,172 [main] INFO  o.e.m.c.i.e.AbstractTransferListenerAdapter - Downloaded https://repo.maven.apache.org/maven2/org/codehaus/plexus/plexus-classworlds/2.5.2/plexus-classworlds-2.5.2.pom
2026-06-15 18:52:58,217 [main] INFO  o.e.m.c.i.e.AbstractTransferListenerAdapter - Downloading https://repo.maven.apache.org/maven2/commons-io/commons-io/2.15.1/commons-io-2.15.1.pom
2026-06-15 18:52:58,249 [main] INFO  o.e.m.c.i.e.AbstractTransferListenerAdapter - Downloaded https://repo.maven.apache.org/maven2/commons-io/commons-io/2.15.1/commons-io-2.15.1.pom
2026-06-15 18:52:58,301 [main] INFO  o.e.m.c.i.e.AbstractTransferListenerAdapter - Downloading https://repo.maven.apache.org/maven2/org/apache/commons/commons-parent/65/commons-parent-65.pom
2026-06-15 18:52:58,335 [main] INFO  o.e.m.c.i.e.AbstractTransferListenerAdapter - Downloaded https://repo.maven.apache.org/maven2/org/apache/commons/commons-parent/65/commons-parent-65.pom
2026-06-15 18:52:58,450 [main] INFO  o.e.m.c.i.e.AbstractTransferListenerAdapter - Downloading https://repo.maven.apache.org/maven2/org/apache/maven/surefire/maven-surefire-common/3.2.5/maven-surefire-common-3.2.5.jar
2026-06-15 18:52:58,541 [main] INFO  o.e.m.c.i.e.AbstractTransferListenerAdapter - Downloaded https://repo.maven.apache.org/maven2/org/apache/maven/surefire/maven-surefire-common/3.2.5/maven-surefire-common-3.2.5.jar
2026-06-15 18:52:58,574 [BasicRepositoryConnector-repo.maven.apache.org-0-0] INFO  o.e.m.c.i.e.AbstractTransferListenerAdapter - Downloading https://repo.maven.apache.org/maven2/org/apache/maven/surefire/surefire-api/3.2.5/surefire-api-3.2.5.jar
2026-06-15 18:52:58,623 [BasicRepositoryConnector-repo.maven.apache.org-0-1] INFO  o.e.m.c.i.e.AbstractTransferListenerAdapter - Downloading https://repo.maven.apache.org/maven2/org/apache/maven/surefire/surefire-logger-api/3.2.5/surefire-logger-api-3.2.5.jar
2026-06-15 18:52:58,632 [BasicRepositoryConnector-repo.maven.apache.org-0-4] INFO  o.e.m.c.i.e.AbstractTransferListenerAdapter - Downloading https://repo.maven.apache.org/maven2/org/apache/maven/surefire/surefire-extensions-spi/3.2.5/surefire-extensions-spi-3.2.5.jar
2026-06-15 18:52:58,633 [BasicRepositoryConnector-repo.maven.apache.org-0-2] INFO  o.e.m.c.i.e.AbstractTransferListenerAdapter - Downloading https://repo.maven.apache.org/maven2/org/apache/maven/surefire/surefire-extensions-api/3.2.5/surefire-extensions-api-3.2.5.jar
2026-06-15 18:52:58,636 [BasicRepositoryConnector-repo.maven.apache.org-0-0] INFO  o.e.m.c.i.e.AbstractTransferListenerAdapter - Downloaded https://repo.maven.apache.org/maven2/org/apache/maven/surefire/surefire-api/3.2.5/surefire-api-3.2.5.jar
2026-06-15 18:52:58,641 [BasicRepositoryConnector-repo.maven.apache.org-0-3] INFO  o.e.m.c.i.e.AbstractTransferListenerAdapter - Downloading https://repo.maven.apache.org/maven2/org/apache/maven/surefire/surefire-booter/3.2.5/surefire-booter-3.2.5.jar
2026-06-15 18:52:58,665 [BasicRepositoryConnector-repo.maven.apache.org-0-0] INFO  o.e.m.c.i.e.AbstractTransferListenerAdapter - Downloading https://repo.maven.apache.org/maven2/org/eclipse/aether/aether-util/1.0.0.v20140518/aether-util-1.0.0.v20140518.jar
2026-06-15 18:52:58,703 [BasicRepositoryConnector-repo.maven.apache.org-0-3] INFO  o.e.m.c.i.e.AbstractTransferListenerAdapter - Downloaded https://repo.maven.apache.org/maven2/org/apache/maven/surefire/surefire-booter/3.2.5/surefire-booter-3.2.5.jar
2026-06-15 18:52:58,728 [BasicRepositoryConnector-repo.maven.apache.org-0-4] INFO  o.e.m.c.i.e.AbstractTransferListenerAdapter - Downloaded https://repo.maven.apache.org/maven2/org/apache/maven/surefire/surefire-extensions-spi/3.2.5/surefire-extensions-spi-3.2.5.jar
2026-06-15 18:52:58,728 [BasicRepositoryConnector-repo.maven.apache.org-0-3] INFO  o.e.m.c.i.e.AbstractTransferListenerAdapter - Downloading https://repo.maven.apache.org/maven2/org/eclipse/aether/aether-api/1.0.0.v20140518/aether-api-1.0.0.v20140518.jar
2026-06-15 18:52:58,742 [BasicRepositoryConnector-repo.maven.apache.org-0-0] INFO  o.e.m.c.i.e.AbstractTransferListenerAdapter - Downloaded https://repo.maven.apache.org/maven2/org/eclipse/aether/aether-util/1.0.0.v20140518/aether-util-1.0.0.v20140518.jar
2026-06-15 18:52:58,758 [BasicRepositoryConnector-repo.maven.apache.org-0-4] INFO  o.e.m.c.i.e.AbstractTransferListenerAdapter - Downloading https://repo.maven.apache.org/maven2/org/apache/maven/shared/maven-common-artifact-filters/3.1.1/maven-common-artifact-filters-3.1.1.jar
2026-06-15 18:52:58,787 [BasicRepositoryConnector-repo.maven.apache.org-0-3] INFO  o.e.m.c.i.e.AbstractTransferListenerAdapter - Downloaded https://repo.maven.apache.org/maven2/org/eclipse/aether/aether-api/1.0.0.v20140518/aether-api-1.0.0.v20140518.jar
2026-06-15 18:52:58,789 [BasicRepositoryConnector-repo.maven.apache.org-0-0] INFO  o.e.m.c.i.e.AbstractTransferListenerAdapter - Downloading https://repo.maven.apache.org/maven2/commons-io/commons-io/2.15.1/commons-io-2.15.1.jar
2026-06-15 18:52:58,840 [BasicRepositoryConnector-repo.maven.apache.org-0-3] INFO  o.e.m.c.i.e.AbstractTransferListenerAdapter - Downloading https://repo.maven.apache.org/maven2/org/apache/maven/surefire/surefire-shared-utils/3.2.5/surefire-shared-utils-3.2.5.jar
2026-06-15 18:52:58,846 [BasicRepositoryConnector-repo.maven.apache.org-0-4] INFO  o.e.m.c.i.e.AbstractTransferListenerAdapter - Downloaded https://repo.maven.apache.org/maven2/org/apache/maven/shared/maven-common-artifact-filters/3.1.1/maven-common-artifact-filters-3.1.1.jar
2026-06-15 18:52:58,945 [BasicRepositoryConnector-repo.maven.apache.org-0-1] INFO  o.e.m.c.i.e.AbstractTransferListenerAdapter - Downloaded https://repo.maven.apache.org/maven2/org/apache/maven/surefire/surefire-logger-api/3.2.5/surefire-logger-api-3.2.5.jar
2026-06-15 18:52:58,952 [BasicRepositoryConnector-repo.maven.apache.org-0-0] INFO  o.e.m.c.i.e.AbstractTransferListenerAdapter - Downloaded https://repo.maven.apache.org/maven2/commons-io/commons-io/2.15.1/commons-io-2.15.1.jar
2026-06-15 18:52:59,346 [BasicRepositoryConnector-repo.maven.apache.org-0-2] INFO  o.e.m.c.i.e.AbstractTransferListenerAdapter - Downloaded https://repo.maven.apache.org/maven2/org/apache/maven/surefire/surefire-extensions-api/3.2.5/surefire-extensions-api-3.2.5.jar
2026-06-15 18:52:59,357 [BasicRepositoryConnector-repo.maven.apache.org-0-3] INFO  o.e.m.c.i.e.AbstractTransferListenerAdapter - Downloaded https://repo.maven.apache.org/maven2/org/apache/maven/surefire/surefire-shared-utils/3.2.5/surefire-shared-utils-3.2.5.jar
2026-06-15 18:53:00,440 [Worker-4: Launching Selenium_JUint] INFO  o.e.m.c.i.e.AbstractTransferListenerAdapter - Downloading https://repo.maven.apache.org/maven2/org/junit/platform/junit-platform-launcher/6.1.0/junit-platform-launcher-6.1.0.jar
2026-06-15 18:53:00,532 [Worker-4: Launching Selenium_JUint] INFO  o.e.m.c.i.e.AbstractTransferListenerAdapter - Downloaded https://repo.maven.apache.org/maven2/org/junit/platform/junit-platform-launcher/6.1.0/junit-platform-launcher-6.1.0.jar
2026-06-15 18:53:45,601 [main] INFO  o.e.m2e.actions.ExecutePomAction - Creating new launch configuration
2026-06-15 18:53:48,226 [Worker-15: Launching demo04 (1)] INFO  o.eclipse.m2e.core.internal.Bundles - getClasspathEntries(Bundle=org.eclipse.m2e.maven.runtime_3.9.900.20250220-2013 [361])
2026-06-15 18:53:48,228 [Worker-15: Launching demo04 (1)] INFO  o.eclipse.m2e.core.internal.Bundles - 	Entry: D:\Springtool\sts-4.30.0.RELEASE\plugins\org.eclipse.m2e.maven.runtime_3.9.900.20250220-2013
2026-06-15 18:53:48,228 [Worker-15: Launching demo04 (1)] INFO  o.eclipse.m2e.core.internal.Bundles - 	Entry: D:\Springtool\sts-4.30.0.RELEASE\plugins\org.eclipse.m2e.maven.runtime_3.9.900.20250220-2013\jars\aopalliance-1.0.jar
2026-06-15 18:53:48,228 [Worker-15: Launching demo04 (1)] INFO  o.eclipse.m2e.core.internal.Bundles - 	Entry: D:\Springtool\sts-4.30.0.RELEASE\plugins\org.eclipse.m2e.maven.runtime_3.9.900.20250220-2013\jars\guice-5.1.0.jar
2026-06-15 18:53:48,228 [Worker-15: Launching demo04 (1)] INFO  o.eclipse.m2e.core.internal.Bundles - 	Entry: D:\Springtool\sts-4.30.0.RELEASE\plugins\org.eclipse.m2e.maven.runtime_3.9.900.20250220-2013\jars\httpclient-4.5.14.jar
2026-06-15 18:53:48,228 [Worker-15: Launching demo04 (1)] INFO  o.eclipse.m2e.core.internal.Bundles - 	Entry: D:\Springtool\sts-4.30.0.RELEASE\plugins\org.eclipse.m2e.maven.runtime_3.9.900.20250220-2013\jars\httpcore-4.4.16.jar
2026-06-15 18:53:48,228 [Worker-15: Launching demo04 (1)] INFO  o.eclipse.m2e.core.internal.Bundles - 	Entry: D:\Springtool\sts-4.30.0.RELEASE\plugins\org.eclipse.m2e.maven.runtime_3.9.900.20250220-2013\jars\jansi-2.4.1.jar
2026-06-15 18:53:48,228 [Worker-15: Launching demo04 (1)] INFO  o.eclipse.m2e.core.internal.Bundles - 	Entry: D:\Springtool\sts-4.30.0.RELEASE\plugins\org.eclipse.m2e.maven.runtime_3.9.900.20250220-2013\jars\jcl-over-slf4j-1.7.36.jar
2026-06-15 18:53:48,228 [Worker-15: Launching demo04 (1)] INFO  o.eclipse.m2e.core.internal.Bundles - 	Entry: D:\Springtool\sts-4.30.0.RELEASE\plugins\org.eclipse.m2e.maven.runtime_3.9.900.20250220-2013\jars\maven-artifact-3.9.9.jar
2026-06-15 18:53:48,228 [Worker-15: Launching demo04 (1)] INFO  o.eclipse.m2e.core.internal.Bundles - 	Entry: D:\Springtool\sts-4.30.0.RELEASE\plugins\org.eclipse.m2e.maven.runtime_3.9.900.20250220-2013\jars\maven-builder-support-3.9.9.jar
2026-06-15 18:53:48,228 [Worker-15: Launching demo04 (1)] INFO  o.eclipse.m2e.core.internal.Bundles - 	Entry: D:\Springtool\sts-4.30.0.RELEASE\plugins\org.eclipse.m2e.maven.runtime_3.9.900.20250220-2013\jars\maven-compat-3.9.9.jar
2026-06-15 18:53:48,228 [Worker-15: Launching demo04 (1)] INFO  o.eclipse.m2e.core.internal.Bundles - 	Entry: D:\Springtool\sts-4.30.0.RELEASE\plugins\org.eclipse.m2e.maven.runtime_3.9.900.20250220-2013\jars\maven-core-3.9.9.jar
2026-06-15 18:53:48,228 [Worker-15: Launching demo04 (1)] INFO  o.eclipse.m2e.core.internal.Bundles - 	Entry: D:\Springtool\sts-4.30.0.RELEASE\plugins\org.eclipse.m2e.maven.runtime_3.9.900.20250220-2013\jars\maven-embedder-3.9.9.jar
2026-06-15 18:53:48,228 [Worker-15: Launching demo04 (1)] INFO  o.eclipse.m2e.core.internal.Bundles - 	Entry: D:\Springtool\sts-4.30.0.RELEASE\plugins\org.eclipse.m2e.maven.runtime_3.9.900.20250220-2013\jars\maven-model-3.9.9.jar
2026-06-15 18:53:48,228 [Worker-15: Launching demo04 (1)] INFO  o.eclipse.m2e.core.internal.Bundles - 	Entry: D:\Springtool\sts-4.30.0.RELEASE\plugins\org.eclipse.m2e.maven.runtime_3.9.900.20250220-2013\jars\maven-model-builder-3.9.9.jar
2026-06-15 18:53:48,228 [Worker-15: Launching demo04 (1)] INFO  o.eclipse.m2e.core.internal.Bundles - 	Entry: D:\Springtool\sts-4.30.0.RELEASE\plugins\org.eclipse.m2e.maven.runtime_3.9.900.20250220-2013\jars\maven-plugin-api-3.9.9.jar
2026-06-15 18:53:48,228 [Worker-15: Launching demo04 (1)] INFO  o.eclipse.m2e.core.internal.Bundles - 	Entry: D:\Springtool\sts-4.30.0.RELEASE\plugins\org.eclipse.m2e.maven.runtime_3.9.900.20250220-2013\jars\maven-repository-metadata-3.9.9.jar
2026-06-15 18:53:48,228 [Worker-15: Launching demo04 (1)] INFO  o.eclipse.m2e.core.internal.Bundles - 	Entry: D:\Springtool\sts-4.30.0.RELEASE\plugins\org.eclipse.m2e.maven.runtime_3.9.900.20250220-2013\jars\maven-resolver-api-1.9.22.jar
2026-06-15 18:53:48,228 [Worker-15: Launching demo04 (1)] INFO  o.eclipse.m2e.core.internal.Bundles - 	Entry: D:\Springtool\sts-4.30.0.RELEASE\plugins\org.eclipse.m2e.maven.runtime_3.9.900.20250220-2013\jars\maven-resolver-connector-basic-1.9.22.jar
2026-06-15 18:53:48,228 [Worker-15: Launching demo04 (1)] INFO  o.eclipse.m2e.core.internal.Bundles - 	Entry: D:\Springtool\sts-4.30.0.RELEASE\plugins\org.eclipse.m2e.maven.runtime_3.9.900.20250220-2013\jars\maven-resolver-impl-1.9.22.jar
2026-06-15 18:53:48,228 [Worker-15: Launching demo04 (1)] INFO  o.eclipse.m2e.core.internal.Bundles - 	Entry: D:\Springtool\sts-4.30.0.RELEASE\plugins\org.eclipse.m2e.maven.runtime_3.9.900.20250220-2013\jars\maven-resolver-named-locks-1.9.22.jar
2026-06-15 18:53:48,228 [Worker-15: Launching demo04 (1)] INFO  o.eclipse.m2e.core.internal.Bundles - 	Entry: D:\Springtool\sts-4.30.0.RELEASE\plugins\org.eclipse.m2e.maven.runtime_3.9.900.20250220-2013\jars\maven-resolver-provider-3.9.9.jar
2026-06-15 18:53:48,229 [Worker-15: Launching demo04 (1)] INFO  o.eclipse.m2e.core.internal.Bundles - 	Entry: D:\Springtool\sts-4.30.0.RELEASE\plugins\org.eclipse.m2e.maven.runtime_3.9.900.20250220-2013\jars\maven-resolver-spi-1.9.22.jar
2026-06-15 18:53:48,229 [Worker-15: Launching demo04 (1)] INFO  o.eclipse.m2e.core.internal.Bundles - 	Entry: D:\Springtool\sts-4.30.0.RELEASE\plugins\org.eclipse.m2e.maven.runtime_3.9.900.20250220-2013\jars\maven-resolver-transport-file-1.9.22.jar
2026-06-15 18:53:48,229 [Worker-15: Launching demo04 (1)] INFO  o.eclipse.m2e.core.internal.Bundles - 	Entry: D:\Springtool\sts-4.30.0.RELEASE\plugins\org.eclipse.m2e.maven.runtime_3.9.900.20250220-2013\jars\maven-resolver-transport-http-1.9.22.jar
2026-06-15 18:53:48,229 [Worker-15: Launching demo04 (1)] INFO  o.eclipse.m2e.core.internal.Bundles - 	Entry: D:\Springtool\sts-4.30.0.RELEASE\plugins\org.eclipse.m2e.maven.runtime_3.9.900.20250220-2013\jars\maven-resolver-transport-wagon-1.9.22.jar
2026-06-15 18:53:48,229 [Worker-15: Launching demo04 (1)] INFO  o.eclipse.m2e.core.internal.Bundles - 	Entry: D:\Springtool\sts-4.30.0.RELEASE\plugins\org.eclipse.m2e.maven.runtime_3.9.900.20250220-2013\jars\maven-resolver-util-1.9.22.jar
2026-06-15 18:53:48,229 [Worker-15: Launching demo04 (1)] INFO  o.eclipse.m2e.core.internal.Bundles - 	Entry: D:\Springtool\sts-4.30.0.RELEASE\plugins\org.eclipse.m2e.maven.runtime_3.9.900.20250220-2013\jars\maven-settings-3.9.9.jar
2026-06-15 18:53:48,229 [Worker-15: Launching demo04 (1)] INFO  o.eclipse.m2e.core.internal.Bundles - 	Entry: D:\Springtool\sts-4.30.0.RELEASE\plugins\org.eclipse.m2e.maven.runtime_3.9.900.20250220-2013\jars\maven-settings-builder-3.9.9.jar
2026-06-15 18:53:48,229 [Worker-15: Launching demo04 (1)] INFO  o.eclipse.m2e.core.internal.Bundles - 	Entry: D:\Springtool\sts-4.30.0.RELEASE\plugins\org.eclipse.m2e.maven.runtime_3.9.900.20250220-2013\jars\maven-shared-utils-3.4.2.jar
2026-06-15 18:53:48,229 [Worker-15: Launching demo04 (1)] INFO  o.eclipse.m2e.core.internal.Bundles - 	Entry: D:\Springtool\sts-4.30.0.RELEASE\plugins\org.eclipse.m2e.maven.runtime_3.9.900.20250220-2013\jars\org.eclipse.sisu.inject-0.9.0.M3.jar
2026-06-15 18:53:48,229 [Worker-15: Launching demo04 (1)] INFO  o.eclipse.m2e.core.internal.Bundles - 	Entry: D:\Springtool\sts-4.30.0.RELEASE\plugins\org.eclipse.m2e.maven.runtime_3.9.900.20250220-2013\jars\org.eclipse.sisu.plexus-0.9.0.M3.jar
2026-06-15 18:53:48,229 [Worker-15: Launching demo04 (1)] INFO  o.eclipse.m2e.core.internal.Bundles - 	Entry: D:\Springtool\sts-4.30.0.RELEASE\plugins\org.eclipse.m2e.maven.runtime_3.9.900.20250220-2013\jars\plexus-build-api-0.0.7.jar
2026-06-15 18:53:48,229 [Worker-15: Launching demo04 (1)] INFO  o.eclipse.m2e.core.internal.Bundles - 	Entry: D:\Springtool\sts-4.30.0.RELEASE\plugins\org.eclipse.m2e.maven.runtime_3.9.900.20250220-2013\jars\plexus-build-api-1.2.0.jar
2026-06-15 18:53:48,229 [Worker-15: Launching demo04 (1)] INFO  o.eclipse.m2e.core.internal.Bundles - 	Entry: D:\Springtool\sts-4.30.0.RELEASE\plugins\org.eclipse.m2e.maven.runtime_3.9.900.20250220-2013\jars\plexus-cipher-2.0.jar
2026-06-15 18:53:48,229 [Worker-15: Launching demo04 (1)] INFO  o.eclipse.m2e.core.internal.Bundles - 	Entry: D:\Springtool\sts-4.30.0.RELEASE\plugins\org.eclipse.m2e.maven.runtime_3.9.900.20250220-2013\jars\plexus-classworlds-2.8.0.jar
2026-06-15 18:53:48,229 [Worker-15: Launching demo04 (1)] INFO  o.eclipse.m2e.core.internal.Bundles - 	Entry: D:\Springtool\sts-4.30.0.RELEASE\plugins\org.eclipse.m2e.maven.runtime_3.9.900.20250220-2013\jars\plexus-component-annotations-2.1.0.jar
2026-06-15 18:53:48,229 [Worker-15: Launching demo04 (1)] INFO  o.eclipse.m2e.core.internal.Bundles - 	Entry: D:\Springtool\sts-4.30.0.RELEASE\plugins\org.eclipse.m2e.maven.runtime_3.9.900.20250220-2013\jars\plexus-interpolation-1.27.jar
2026-06-15 18:53:48,229 [Worker-15: Launching demo04 (1)] INFO  o.eclipse.m2e.core.internal.Bundles - 	Entry: D:\Springtool\sts-4.30.0.RELEASE\plugins\org.eclipse.m2e.maven.runtime_3.9.900.20250220-2013\jars\plexus-sec-dispatcher-2.0.jar
2026-06-15 18:53:48,229 [Worker-15: Launching demo04 (1)] INFO  o.eclipse.m2e.core.internal.Bundles - 	Entry: D:\Springtool\sts-4.30.0.RELEASE\plugins\org.eclipse.m2e.maven.runtime_3.9.900.20250220-2013\jars\plexus-utils-3.5.1.jar
2026-06-15 18:53:48,229 [Worker-15: Launching demo04 (1)] INFO  o.eclipse.m2e.core.internal.Bundles - 	Entry: D:\Springtool\sts-4.30.0.RELEASE\plugins\org.eclipse.m2e.maven.runtime_3.9.900.20250220-2013\jars\plexus-xml-3.0.1.jar
2026-06-15 18:53:48,229 [Worker-15: Launching demo04 (1)] INFO  o.eclipse.m2e.core.internal.Bundles - 	Entry: D:\Springtool\sts-4.30.0.RELEASE\plugins\org.eclipse.m2e.maven.runtime_3.9.900.20250220-2013\jars\wagon-file-3.5.3.jar
2026-06-15 18:53:48,230 [Worker-15: Launching demo04 (1)] INFO  o.eclipse.m2e.core.internal.Bundles - 	Entry: D:\Springtool\sts-4.30.0.RELEASE\plugins\org.eclipse.m2e.maven.runtime_3.9.900.20250220-2013\jars\wagon-http-3.5.3.jar
2026-06-15 18:53:48,230 [Worker-15: Launching demo04 (1)] INFO  o.eclipse.m2e.core.internal.Bundles - 	Entry: D:\Springtool\sts-4.30.0.RELEASE\plugins\org.eclipse.m2e.maven.runtime_3.9.900.20250220-2013\jars\wagon-http-shared-3.5.3.jar
2026-06-15 18:53:48,230 [Worker-15: Launching demo04 (1)] INFO  o.eclipse.m2e.core.internal.Bundles - 	Entry: D:\Springtool\sts-4.30.0.RELEASE\plugins\org.eclipse.m2e.maven.runtime_3.9.900.20250220-2013\jars\wagon-provider-api-3.5.3.jar
2026-06-15 18:53:48,230 [Worker-15: Launching demo04 (1)] INFO  o.eclipse.m2e.core.internal.Bundles - getClasspathEntries(Bundle=com.google.guava_33.4.0.jre [29])
2026-06-15 18:53:48,230 [Worker-15: Launching demo04 (1)] INFO  o.eclipse.m2e.core.internal.Bundles - 	Entry: D:\Springtool\sts-4.30.0.RELEASE\plugins\com.google.guava_33.4.0.jre.jar
2026-06-15 18:53:48,230 [Worker-15: Launching demo04 (1)] INFO  o.eclipse.m2e.core.internal.Bundles - getClasspathEntries(Bundle=slf4j.api_2.0.17 [608])
2026-06-15 18:53:48,230 [Worker-15: Launching demo04 (1)] INFO  o.eclipse.m2e.core.internal.Bundles - 	Entry: D:\Springtool\sts-4.30.0.RELEASE\plugins\slf4j.api_2.0.17.jar
2026-06-15 18:53:48,232 [Worker-15: Launching demo04 (1)] INFO  o.eclipse.m2e.core.internal.Bundles - getClasspathEntries(Bundle=javax.inject_1.0.0.v20220405-0441 [759])
2026-06-15 18:53:48,232 [Worker-15: Launching demo04 (1)] INFO  o.eclipse.m2e.core.internal.Bundles - 	Entry: D:\Springtool\sts-4.30.0.RELEASE\plugins\javax.inject_1.0.0.v20220405-0441.jar
2026-06-15 18:53:48,232 [Worker-15: Launching demo04 (1)] INFO  o.eclipse.m2e.core.internal.Bundles - getClasspathEntries(Bundle=javax.annotation_1.3.5.v20230504-0748 [758])
2026-06-15 18:53:48,232 [Worker-15: Launching demo04 (1)] INFO  o.eclipse.m2e.core.internal.Bundles - 	Entry: D:\Springtool\sts-4.30.0.RELEASE\plugins\javax.annotation_1.3.5.v20230504-0748.jar
2026-06-15 18:53:48,232 [Worker-15: Launching demo04 (1)] INFO  o.eclipse.m2e.core.internal.Bundles - getClasspathEntries(Bundle=org.apache.commons.cli_1.9.0 [77])
2026-06-15 18:53:48,233 [Worker-15: Launching demo04 (1)] INFO  o.eclipse.m2e.core.internal.Bundles - 	Entry: D:\Springtool\sts-4.30.0.RELEASE\plugins\org.apache.commons.cli_1.9.0.jar
2026-06-15 18:53:48,233 [Worker-15: Launching demo04 (1)] INFO  o.eclipse.m2e.core.internal.Bundles - getClasspathEntries(Bundle=org.apache.commons.commons-codec_1.16.0 [79])
2026-06-15 18:53:48,233 [Worker-15: Launching demo04 (1)] INFO  o.eclipse.m2e.core.internal.Bundles - 	Entry: D:\Springtool\sts-4.30.0.RELEASE\plugins\org.apache.commons.commons-codec_1.16.0.jar
2026-06-15 18:53:48,233 [Worker-15: Launching demo04 (1)] INFO  o.eclipse.m2e.core.internal.Bundles - getClasspathEntries(Bundle=com.google.guava.failureaccess_1.0.2 [30])
2026-06-15 18:53:48,233 [Worker-15: Launching demo04 (1)] INFO  o.eclipse.m2e.core.internal.Bundles - 	Entry: D:\Springtool\sts-4.30.0.RELEASE\plugins\com.google.guava.failureaccess_1.0.2.jar
2026-06-15 18:53:48,234 [Worker-15: Launching demo04 (1)] INFO  o.e.m.i.launch.MavenLaunchDelegate - Run build in "E:\osc_sdm\Day07\demo04":
2026-06-15 18:53:48,234 [Worker-15: Launching demo04 (1)] INFO  o.e.m.i.launch.MavenLaunchDelegate -  mvn  -B -Dstyle.color=always 
2026-06-15 18:56:59,123 [Worker-8: Building] WARN  o.a.m.s.f.DefaultMavenResourcesFiltering - Using platform encoding (UTF-8 actually) to copy filtered resources, i.e. build is platform dependent!
2026-06-15 18:56:59,124 [Worker-8: Building] INFO  o.a.m.s.f.DefaultMavenResourcesFiltering - Copying 0 resource from src\main\resources to target\classes
2026-06-15 18:56:59,127 [Worker-8: Building] WARN  o.a.m.s.f.DefaultMavenResourcesFiltering - Using platform encoding (UTF-8 actually) to copy filtered resources, i.e. build is platform dependent!
2026-06-15 18:56:59,185 [Worker-8: Building] INFO  o.a.m.s.f.DefaultMavenResourcesFiltering - Copying 0 resource from src\test\resources to target\test-classes
2026-06-15 19:04:03,369 [Worker-4: Building] WARN  o.a.m.s.f.DefaultMavenResourcesFiltering - Using platform encoding (UTF-8 actually) to copy filtered resources, i.e. build is platform dependent!
2026-06-15 19:04:03,370 [Worker-4: Building] INFO  o.a.m.s.f.DefaultMavenResourcesFiltering - Copying 0 resource from src\main\resources to target\classes
2026-06-15 19:04:03,372 [Worker-4: Building] WARN  o.a.m.s.f.DefaultMavenResourcesFiltering - Using platform encoding (UTF-8 actually) to copy filtered resources, i.e. build is platform dependent!
2026-06-15 19:04:03,373 [Worker-4: Building] INFO  o.a.m.s.f.DefaultMavenResourcesFiltering - Copying 0 resource from src\test\resources to target\test-classes
2026-06-15 19:05:11,509 [Worker-19: Building] WARN  o.a.m.s.f.DefaultMavenResourcesFiltering - Using platform encoding (UTF-8 actually) to copy filtered resources, i.e. build is platform dependent!
2026-06-15 19:05:11,511 [Worker-19: Building] INFO  o.a.m.s.f.DefaultMavenResourcesFiltering - Copying 0 resource from src\main\resources to target\classes
2026-06-15 19:05:11,513 [Worker-19: Building] WARN  o.a.m.s.f.DefaultMavenResourcesFiltering - Using platform encoding (UTF-8 actually) to copy filtered resources, i.e. build is platform dependent!
2026-06-15 19:05:11,672 [Worker-19: Building] INFO  o.a.m.s.f.DefaultMavenResourcesFiltering - Copying 0 resource from src\test\resources to target\test-classes
2026-06-15 19:51:24,003 [Worker-4: Building] WARN  o.a.m.s.f.DefaultMavenResourcesFiltering - Using platform encoding (UTF-8 actually) to copy filtered resources, i.e. build is platform dependent!
2026-06-15 19:51:24,098 [Worker-4: Building] INFO  o.a.m.s.f.DefaultMavenResourcesFiltering - Copying 0 resource from src\main\resources to target\classes
2026-06-15 19:51:24,107 [Worker-4: Building] WARN  o.a.m.s.f.DefaultMavenResourcesFiltering - Using platform encoding (UTF-8 actually) to copy filtered resources, i.e. build is platform dependent!
2026-06-15 19:51:24,132 [Worker-4: Building] INFO  o.a.m.s.f.DefaultMavenResourcesFiltering - Copying 0 resource from src\test\resources to target\test-classes
